2026-07-31 00:14:46.911 +03:00 [INF] Now listening on: http://localhost:5000
2026-07-31 00:14:46.955 +03:00 [INF] Application started. Press Ctrl+C to shut down.
2026-07-31 00:14:46.956 +03:00 [INF] Hosting environment: Development
2026-07-31 00:14:46.956 +03:00 [INF] Content root path: D:\Костя блендер\BackendTruePROJ\BackendTruePROJ
2026-07-31 00:20:23.201 +03:00 [INF] Now listening on: http://localhost:5000
2026-07-31 00:20:23.252 +03:00 [INF] Application started. Press Ctrl+C to shut down.
2026-07-31 00:20:23.253 +03:00 [INF] Hosting environment: Development
2026-07-31 00:20:23.253 +03:00 [INF] Content root path: D:\Костя блендер\BackendTruePROJ\BackendTruePROJ
2026-07-31 00:23:41.422 +03:00 [INF] Now listening on: http://localhost:5000
2026-07-31 00:23:41.466 +03:00 [INF] Application started. Press Ctrl+C to shut down.
2026-07-31 00:23:41.467 +03:00 [INF] Hosting environment: Development
2026-07-31 00:23:41.467 +03:00 [INF] Content root path: D:\Костя блендер\BackendTruePROJ\BackendTruePROJ
2026-07-31 00:38:28.960 +03:00 [INF] Now listening on: http://localhost:5000
2026-07-31 00:38:29.002 +03:00 [INF] Application started. Press Ctrl+C to shut down.
2026-07-31 00:38:29.003 +03:00 [INF] Hosting environment: Development
2026-07-31 00:38:29.003 +03:00 [INF] Content root path: D:\Костя блендер\BackendTruePROJ\BackendTruePROJ
2026-07-31 00:53:04.847 +03:00 [INF] Now listening on: http://localhost:5000
2026-07-31 00:53:04.900 +03:00 [INF] Application started. Press Ctrl+C to shut down.
2026-07-31 00:53:04.900 +03:00 [INF] Hosting environment: Development
2026-07-31 00:53:04.901 +03:00 [INF] Content root path: D:\Костя блендер\BackendTruePROJ\BackendTruePROJ
2026-07-31 00:57:34.239 +03:00 [INF] Now listening on: http://localhost:5000
2026-07-31 00:57:34.282 +03:00 [INF] Application started. Press Ctrl+C to shut down.
2026-07-31 00:57:34.283 +03:00 [INF] Hosting environment: Development
2026-07-31 00:57:34.283 +03:00 [INF] Content root path: D:\Костя блендер\BackendTruePROJ\BackendTruePROJ
2026-07-31 00:58:00.858 +03:00 [INF] Now listening on: http://localhost:5000
2026-07-31 00:58:00.908 +03:00 [INF] Application started. Press Ctrl+C to shut down.
2026-07-31 00:58:00.909 +03:00 [INF] Hosting environment: Development
2026-07-31 00:58:00.910 +03:00 [INF] Content root path: D:\Костя блендер\BackendTruePROJ\BackendTruePROJ
2026-07-31 01:12:47.386 +03:00 [INF] Now listening on: http://localhost:5000
2026-07-31 01:12:47.439 +03:00 [INF] Application started. Press Ctrl+C to shut down.
2026-07-31 01:12:47.440 +03:00 [INF] Hosting environment: Development
2026-07-31 01:12:47.440 +03:00 [INF] Content root path: D:\Костя блендер\BackendTruePROJ\BackendTruePROJ
2026-07-31 01:16:40.606 +03:00 [INF] Request starting HTTP/1.1 GET http://localhost:5000/swagger/index.html - null null
2026-07-31 01:16:40.794 +03:00 [INF] Request finished HTTP/1.1 GET http://localhost:5000/swagger/index.html - 200 null text/html;charset=utf-8 193.6353ms
2026-07-31 01:16:40.809 +03:00 [INF] Request starting HTTP/1.1 GET http://localhost:5000/swagger/swagger-ui.css - null null
2026-07-31 01:16:40.809 +03:00 [INF] Request starting HTTP/1.1 GET http://localhost:5000/swagger/index.css - null null
2026-07-31 01:16:40.814 +03:00 [INF] Request starting HTTP/1.1 GET http://localhost:5000/swagger/swagger-ui-bundle.js - null null
2026-07-31 01:16:40.824 +03:00 [INF] Request finished HTTP/1.1 GET http://localhost:5000/swagger/swagger-ui.css - 200 26499 text/css 16.2473ms
2026-07-31 01:16:40.824 +03:00 [INF] Request finished HTTP/1.1 GET http://localhost:5000/swagger/index.css - 200 152 text/css 17.3733ms
2026-07-31 01:16:40.842 +03:00 [INF] Request finished HTTP/1.1 GET http://localhost:5000/swagger/swagger-ui-bundle.js - 200 421507 text/javascript 27.6471ms
2026-07-31 01:16:40.846 +03:00 [INF] Request starting HTTP/1.1 GET http://localhost:5000/swagger/swagger-ui-standalone-preset.js - null null
2026-07-31 01:16:40.846 +03:00 [INF] Request starting HTTP/1.1 GET http://localhost:5000/swagger/index.js - null null
2026-07-31 01:16:40.856 +03:00 [INF] Request finished HTTP/1.1 GET http://localhost:5000/swagger/index.js - 200 null application/javascript;charset=utf-8 10.0986ms
2026-07-31 01:16:40.859 +03:00 [INF] Request finished HTTP/1.1 GET http://localhost:5000/swagger/swagger-ui-standalone-preset.js - 200 77731 text/javascript 13.3485ms
2026-07-31 01:16:40.865 +03:00 [INF] Request starting HTTP/1.1 GET http://localhost:5000/_framework/aspnetcore-browser-refresh.js - null null
2026-07-31 01:16:40.869 +03:00 [INF] Request finished HTTP/1.1 GET http://localhost:5000/_framework/aspnetcore-browser-refresh.js - 200 14919 application/javascript; charset=utf-8 4.2102ms
2026-07-31 01:16:40.891 +03:00 [INF] Request starting HTTP/1.1 GET http://localhost:5000/_vs/browserLink - null null
2026-07-31 01:16:40.919 +03:00 [INF] Request finished HTTP/1.1 GET http://localhost:5000/_vs/browserLink - 200 null text/javascript; charset=UTF-8 28.2116ms
2026-07-31 01:16:41.011 +03:00 [INF] Request starting HTTP/1.1 GET http://localhost:5000/swagger/v1/swagger.json - null null
2026-07-31 01:16:41.028 +03:00 [INF] Request finished HTTP/1.1 GET http://localhost:5000/swagger/v1/swagger.json - 200 null application/json;charset=utf-8 17.4381ms
2026-07-31 01:27:34.267 +03:00 [INF] Now listening on: http://localhost:5000
2026-07-31 01:27:34.311 +03:00 [INF] Application started. Press Ctrl+C to shut down.
2026-07-31 01:27:34.312 +03:00 [INF] Hosting environment: Development
2026-07-31 01:27:34.312 +03:00 [INF] Content root path: D:\Костя блендер\BackendTruePROJ\BackendTruePROJ
2026-07-31 01:27:34.756 +03:00 [INF] Request starting HTTP/1.1 POST http://fast-mirrors-battle.loca.lt/api/Update - application/json 323
2026-07-31 01:27:34.778 +03:00 [INF] Executing endpoint 'ChatBot.Controllers.UpdateController.Post (ChatBot)'
2026-07-31 01:27:34.797 +03:00 [INF] Route matched with {action = "Post", controller = "Update"}. Executing controller action with signature System.Threading.Tasks.Task`1[Microsoft.AspNetCore.Mvc.IActionResult] Post(ChatBot.Dtos.TelegramUpdate) on controller ChatBot.Controllers.UpdateController (ChatBot).
2026-07-31 01:27:34.886 +03:00 [INF] Получено сообщение от чата 5144849455:/start
2026-07-31 01:27:34.886 +03:00 [INF] Executing StatusCodeResult, setting HTTP status code 200
2026-07-31 01:27:34.887 +03:00 [INF] Выполняется команда /start
2026-07-31 01:27:34.888 +03:00 [INF] Команда /start выполнена для чата 5144849455
2026-07-31 01:27:34.889 +03:00 [INF] Executed action ChatBot.Controllers.UpdateController.Post (ChatBot) in 89.9925ms
2026-07-31 01:27:34.890 +03:00 [INF] Executed endpoint 'ChatBot.Controllers.UpdateController.Post (ChatBot)'
2026-07-31 01:27:34.892 +03:00 [INF] Request finished HTTP/1.1 POST http://fast-mirrors-battle.loca.lt/api/Update - 200 0 null 139.3795ms
2026-07-31 01:27:35.213 +03:00 [INF] Request starting HTTP/1.1 POST http://fast-mirrors-battle.loca.lt/api/Update - application/json 323
2026-07-31 01:27:35.219 +03:00 [INF] Executing endpoint 'ChatBot.Controllers.UpdateController.Post (ChatBot)'
2026-07-31 01:27:35.220 +03:00 [INF] Route matched with {action = "Post", controller = "Update"}. Executing controller action with signature System.Threading.Tasks.Task`1[Microsoft.AspNetCore.Mvc.IActionResult] Post(ChatBot.Dtos.TelegramUpdate) on controller ChatBot.Controllers.UpdateController (ChatBot).
2026-07-31 01:27:35.222 +03:00 [INF] Получено сообщение от чата 5144849455:/start
2026-07-31 01:27:35.223 +03:00 [INF] Executing StatusCodeResult, setting HTTP status code 200
2026-07-31 01:27:35.223 +03:00 [INF] Выполняется команда /start
2026-07-31 01:27:35.223 +03:00 [INF] Команда /start выполнена для чата 5144849455
2026-07-31 01:27:35.224 +03:00 [INF] Executed action ChatBot.Controllers.UpdateController.Post (ChatBot) in 2.0452ms
2026-07-31 01:27:35.224 +03:00 [INF] Executed endpoint 'ChatBot.Controllers.UpdateController.Post (ChatBot)'
2026-07-31 01:27:35.225 +03:00 [INF] Request finished HTTP/1.1 POST http://fast-mirrors-battle.loca.lt/api/Update - 200 0 null 12.7493ms
2026-07-31 01:29:04.546 +03:00 [INF] Request starting HTTP/1.1 POST http://fast-mirrors-battle.loca.lt/api/Update - application/json 323
2026-07-31 01:29:04.550 +03:00 [INF] Executing endpoint 'ChatBot.Controllers.UpdateController.Post (ChatBot)'
2026-07-31 01:29:04.551 +03:00 [INF] Route matched with {action = "Post", controller = "Update"}. Executing controller action with signature System.Threading.Tasks.Task`1[Microsoft.AspNetCore.Mvc.IActionResult] Post(ChatBot.Dtos.TelegramUpdate) on controller ChatBot.Controllers.UpdateController (ChatBot).
2026-07-31 01:29:04.554 +03:00 [INF] Executing StatusCodeResult, setting HTTP status code 200
2026-07-31 01:29:04.556 +03:00 [INF] Получено сообщение от чата 5144849455:/start
2026-07-31 01:29:04.558 +03:00 [INF] Executed action ChatBot.Controllers.UpdateController.Post (ChatBot) in 3.8181ms
2026-07-31 01:29:04.558 +03:00 [INF] Выполняется команда /start
2026-07-31 01:29:04.561 +03:00 [INF] Команда /start выполнена для чата 5144849455
2026-07-31 01:29:04.561 +03:00 [INF] Executed endpoint 'ChatBot.Controllers.UpdateController.Post (ChatBot)'
2026-07-31 01:29:04.563 +03:00 [INF] Request finished HTTP/1.1 POST http://fast-mirrors-battle.loca.lt/api/Update - 200 0 null 16.3953ms
2026-07-31 01:29:26.166 +03:00 [INF] Request starting HTTP/1.1 POST http://fast-mirrors-battle.loca.lt/api/Update - application/json 265
2026-07-31 01:29:26.168 +03:00 [INF] Executing endpoint 'ChatBot.Controllers.UpdateController.Post (ChatBot)'
2026-07-31 01:29:26.170 +03:00 [INF] Route matched with {action = "Post", controller = "Update"}. Executing controller action with signature System.Threading.Tasks.Task`1[Microsoft.AspNetCore.Mvc.IActionResult] Post(ChatBot.Dtos.TelegramUpdate) on controller ChatBot.Controllers.UpdateController (ChatBot).
2026-07-31 01:29:26.173 +03:00 [INF] Получено сообщение от чата 5144849455:/ help
2026-07-31 01:29:26.174 +03:00 [INF] Executing StatusCodeResult, setting HTTP status code 200
2026-07-31 01:29:26.175 +03:00 [INF] Executed action ChatBot.Controllers.UpdateController.Post (ChatBot) in 2.3468ms
2026-07-31 01:29:26.175 +03:00 [WRN] Неизвестная команда: /
2026-07-31 01:29:26.177 +03:00 [INF] Executed endpoint 'ChatBot.Controllers.UpdateController.Post (ChatBot)'
2026-07-31 01:29:26.178 +03:00 [INF] Request finished HTTP/1.1 POST http://fast-mirrors-battle.loca.lt/api/Update - 200 0 null 12.723ms
2026-07-31 01:29:47.619 +03:00 [INF] Request starting HTTP/1.1 POST http://fast-mirrors-battle.loca.lt/api/Update - application/json 322
2026-07-31 01:29:47.625 +03:00 [INF] Executing endpoint 'ChatBot.Controllers.UpdateController.Post (ChatBot)'
2026-07-31 01:29:47.627 +03:00 [INF] Route matched with {action = "Post", controller = "Update"}. Executing controller action with signature System.Threading.Tasks.Task`1[Microsoft.AspNetCore.Mvc.IActionResult] Post(ChatBot.Dtos.TelegramUpdate) on controller ChatBot.Controllers.UpdateController (ChatBot).
2026-07-31 01:29:47.629 +03:00 [INF] Получено сообщение от чата 5144849455:/help
2026-07-31 01:29:47.629 +03:00 [INF] Executing StatusCodeResult, setting HTTP status code 200
2026-07-31 01:29:47.630 +03:00 [INF] Выполняется команда /help
2026-07-31 01:29:47.631 +03:00 [INF] Executed action ChatBot.Controllers.UpdateController.Post (ChatBot) in 2.1208ms
2026-07-31 01:29:47.632 +03:00 [INF] Executed endpoint 'ChatBot.Controllers.UpdateController.Post (ChatBot)'
2026-07-31 01:29:47.632 +03:00 [INF] Команда /help выполнена для чата 5144849455
2026-07-31 01:29:47.634 +03:00 [INF] Request finished HTTP/1.1 POST http://fast-mirrors-battle.loca.lt/api/Update - 200 0 null 15.1051ms
2026-07-31 01:30:04.020 +03:00 [INF] Request starting HTTP/1.1 POST http://fast-mirrors-battle.loca.lt/api/Update - application/json 314
2026-07-31 01:30:04.023 +03:00 [INF] Executing endpoint 'ChatBot.Controllers.UpdateController.Post (ChatBot)'
2026-07-31 01:30:04.024 +03:00 [INF] Route matched with {action = "Post", controller = "Update"}. Executing controller action with signature System.Threading.Tasks.Task`1[Microsoft.AspNetCore.Mvc.IActionResult] Post(ChatBot.Dtos.TelegramUpdate) on controller ChatBot.Controllers.UpdateController (ChatBot).
2026-07-31 01:30:04.025 +03:00 [INF] Получено сообщение от чата 5144849455:поговорим?
2026-07-31 01:30:04.025 +03:00 [INF] Executing StatusCodeResult, setting HTTP status code 200
2026-07-31 01:30:04.027 +03:00 [INF] Executed action ChatBot.Controllers.UpdateController.Post (ChatBot) in 2.5972ms
2026-07-31 01:30:04.029 +03:00 [INF] Executed endpoint 'ChatBot.Controllers.UpdateController.Post (ChatBot)'
2026-07-31 01:30:04.029 +03:00 [INF] Сохранение сообщения от чата 5144849455: user
2026-07-31 01:30:04.033 +03:00 [INF] Request finished HTTP/1.1 POST http://fast-mirrors-battle.loca.lt/api/Update - 200 0 null 12.537ms
2026-07-31 01:30:04.035 +03:00 [INF] Загрузка истории для чата 5144849455
2026-07-31 01:30:04.036 +03:00 [INF] Отправка запроса в Chat API
2026-07-31 01:30:04.051 +03:00 [INF] Отправка запроса к модели openrouter/hunter-alpha
2026-07-31 01:30:04.058 +03:00 [INF] Start processing HTTP request POST https://openrouter.ai/api/v1/chat/completions
2026-07-31 01:30:04.062 +03:00 [INF] Sending HTTP request POST https://openrouter.ai/api/v1/chat/completions
2026-07-31 01:30:04.864 +03:00 [INF] Received HTTP response headers after 798.2887ms - 401
2026-07-31 01:30:04.867 +03:00 [INF] End processing HTTP request after 811.1339ms - 401
2026-07-31 01:30:04.914 +03:00 [ERR] Ошибка при вызове Chat API
System.Net.Http.HttpRequestException: Response status code does not indicate success: 401 (Unauthorized).
   at System.Net.Http.HttpResponseMessage.EnsureSuccessStatusCode()
   at ChatBot.Repositories.Implementations.HttpChatApiClient.SendMessageAsync(String userMessage, IEnumerable`1 history) in D:\Костя блендер\BackendTruePROJ\BackendTruePROJ\Repositories\Implementations\HttpChatApiClient.cs:line 41
   at ChatBot.Commands.TelegramUpdateProcessor.HandleAsync(TelegramUpdate update) in D:\Костя блендер\BackendTruePROJ\BackendTruePROJ\Commands\TelegramUpdateProcessor.cs:line 72
2026-07-31 01:30:21.325 +03:00 [INF] Request starting HTTP/1.1 POST http://fast-mirrors-battle.loca.lt/api/Update - application/json 322
2026-07-31 01:30:21.328 +03:00 [INF] Executing endpoint 'ChatBot.Controllers.UpdateController.Post (ChatBot)'
2026-07-31 01:30:21.330 +03:00 [INF] Route matched with {action = "Post", controller = "Update"}. Executing controller action with signature System.Threading.Tasks.Task`1[Microsoft.AspNetCore.Mvc.IActionResult] Post(ChatBot.Dtos.TelegramUpdate) on controller ChatBot.Controllers.UpdateController (ChatBot).
2026-07-31 01:30:21.334 +03:00 [INF] Получено сообщение от чата 5144849455:/undo
2026-07-31 01:30:21.334 +03:00 [INF] Executing StatusCodeResult, setting HTTP status code 200
2026-07-31 01:30:21.336 +03:00 [INF] Выполняется команда /undo
2026-07-31 01:30:21.336 +03:00 [INF] Executed action ChatBot.Controllers.UpdateController.Post (ChatBot) in 2.084ms
2026-07-31 01:30:21.337 +03:00 [INF] Executed endpoint 'ChatBot.Controllers.UpdateController.Post (ChatBot)'
2026-07-31 01:30:21.338 +03:00 [INF] Команда /undo выполнена для чата 5144849455
2026-07-31 01:30:21.339 +03:00 [INF] Request finished HTTP/1.1 POST http://fast-mirrors-battle.loca.lt/api/Update - 200 0 null 14.3409ms
2026-07-31 01:30:21.341 +03:00 [INF] Удаление последнего сообщения для чата 5144849455
2026-07-31 01:30:21.342 +03:00 [INF] Удаление последнего сообщения для чата 5144849455
2026-07-31 01:30:29.876 +03:00 [INF] Request starting HTTP/1.1 POST http://fast-mirrors-battle.loca.lt/api/Update - application/json 328
2026-07-31 01:30:29.885 +03:00 [INF] Executing endpoint 'ChatBot.Controllers.UpdateController.Post (ChatBot)'
2026-07-31 01:30:29.886 +03:00 [INF] Route matched with {action = "Post", controller = "Update"}. Executing controller action with signature System.Threading.Tasks.Task`1[Microsoft.AspNetCore.Mvc.IActionResult] Post(ChatBot.Dtos.TelegramUpdate) on controller ChatBot.Controllers.UpdateController (ChatBot).
2026-07-31 01:30:29.887 +03:00 [INF] Получено сообщение от чата 5144849455:/summarize
2026-07-31 01:30:29.887 +03:00 [INF] Executing StatusCodeResult, setting HTTP status code 200
2026-07-31 01:30:29.889 +03:00 [WRN] Неизвестная команда: /summarize
2026-07-31 01:30:29.890 +03:00 [INF] Executed action ChatBot.Controllers.UpdateController.Post (ChatBot) in 1.9533ms
2026-07-31 01:30:29.891 +03:00 [INF] Executed endpoint 'ChatBot.Controllers.UpdateController.Post (ChatBot)'
2026-07-31 01:30:29.892 +03:00 [INF] Request finished HTTP/1.1 POST http://fast-mirrors-battle.loca.lt/api/Update - 200 0 null 15.6073ms
2026-07-31 01:30:40.925 +03:00 [INF] Request starting HTTP/1.1 POST http://fast-mirrors-battle.loca.lt/api/Update - application/json 322
2026-07-31 01:30:40.928 +03:00 [INF] Executing endpoint 'ChatBot.Controllers.UpdateController.Post (ChatBot)'
2026-07-31 01:30:40.930 +03:00 [INF] Route matched with {action = "Post", controller = "Update"}. Executing controller action with signature System.Threading.Tasks.Task`1[Microsoft.AspNetCore.Mvc.IActionResult] Post(ChatBot.Dtos.TelegramUpdate) on controller ChatBot.Controllers.UpdateController (ChatBot).
2026-07-31 01:30:40.931 +03:00 [INF] Получено сообщение от чата 5144849455:/help
2026-07-31 01:30:40.931 +03:00 [INF] Executing StatusCodeResult, setting HTTP status code 200
2026-07-31 01:30:40.933 +03:00 [INF] Выполняется команда /help
2026-07-31 01:30:40.934 +03:00 [INF] Executed action ChatBot.Controllers.UpdateController.Post (ChatBot) in 2.061ms
2026-07-31 01:30:40.934 +03:00 [INF] Команда /help выполнена для чата 5144849455
2026-07-31 01:30:40.935 +03:00 [INF] Executed endpoint 'ChatBot.Controllers.UpdateController.Post (ChatBot)'
2026-07-31 01:30:40.936 +03:00 [INF] Request finished HTTP/1.1 POST http://fast-mirrors-battle.loca.lt/api/Update - 200 0 null 11.8611ms
2026-07-31 01:32:32.668 +03:00 [INF] Request starting HTTP/1.1 POST http://fast-mirrors-battle.loca.lt/api/Update - application/json 323
2026-07-31 01:32:32.670 +03:00 [INF] Executing endpoint 'ChatBot.Controllers.UpdateController.Post (ChatBot)'
2026-07-31 01:32:32.671 +03:00 [INF] Route matched with {action = "Post", controller = "Update"}. Executing controller action with signature System.Threading.Tasks.Task`1[Microsoft.AspNetCore.Mvc.IActionResult] Post(ChatBot.Dtos.TelegramUpdate) on controller ChatBot.Controllers.UpdateController (ChatBot).
2026-07-31 01:32:32.673 +03:00 [INF] Получено сообщение от чата 5144849455:/start
2026-07-31 01:32:32.673 +03:00 [INF] Executing StatusCodeResult, setting HTTP status code 200
2026-07-31 01:32:32.675 +03:00 [INF] Выполняется команда /start
2026-07-31 01:32:32.676 +03:00 [INF] Команда /start выполнена для чата 5144849455
2026-07-31 01:32:32.676 +03:00 [INF] Executed action ChatBot.Controllers.UpdateController.Post (ChatBot) in 2.2066ms
2026-07-31 01:32:32.678 +03:00 [INF] Executed endpoint 'ChatBot.Controllers.UpdateController.Post (ChatBot)'
2026-07-31 01:32:32.679 +03:00 [INF] Request finished HTTP/1.1 POST http://fast-mirrors-battle.loca.lt/api/Update - 200 0 null 11.8405ms
2026-07-31 01:34:36.561 +03:00 [INF] Request starting HTTP/1.1 POST http://fast-mirrors-battle.loca.lt/api/Update - application/json 323
2026-07-31 01:34:36.564 +03:00 [INF] Executing endpoint 'ChatBot.Controllers.UpdateController.Post (ChatBot)'
2026-07-31 01:34:36.565 +03:00 [INF] Route matched with {action = "Post", controller = "Update"}. Executing controller action with signature System.Threading.Tasks.Task`1[Microsoft.AspNetCore.Mvc.IActionResult] Post(ChatBot.Dtos.TelegramUpdate) on controller ChatBot.Controllers.UpdateController (ChatBot).
2026-07-31 01:34:36.567 +03:00 [INF] Executing StatusCodeResult, setting HTTP status code 200
2026-07-31 01:34:36.568 +03:00 [INF] Executed action ChatBot.Controllers.UpdateController.Post (ChatBot) in 1.2423ms
2026-07-31 01:34:36.569 +03:00 [INF] Executed endpoint 'ChatBot.Controllers.UpdateController.Post (ChatBot)'
2026-07-31 01:34:36.570 +03:00 [INF] Получено сообщение от чата 5144849455:/start
2026-07-31 01:34:36.570 +03:00 [INF] Request finished HTTP/1.1 POST http://fast-mirrors-battle.loca.lt/api/Update - 200 0 null 9.5309ms
2026-07-31 01:34:36.574 +03:00 [INF] Выполняется команда /start
2026-07-31 01:34:36.575 +03:00 [INF] Команда /start выполнена для чата 5144849455
2026-07-31 01:34:38.900 +03:00 [INF] Request starting HTTP/1.1 POST http://fast-mirrors-battle.loca.lt/api/Update - application/json 323
2026-07-31 01:34:38.902 +03:00 [INF] Executing endpoint 'ChatBot.Controllers.UpdateController.Post (ChatBot)'
2026-07-31 01:34:38.903 +03:00 [INF] Route matched with {action = "Post", controller = "Update"}. Executing controller action with signature System.Threading.Tasks.Task`1[Microsoft.AspNetCore.Mvc.IActionResult] Post(ChatBot.Dtos.TelegramUpdate) on controller ChatBot.Controllers.UpdateController (ChatBot).
2026-07-31 01:34:38.905 +03:00 [INF] Получено сообщение от чата 5144849455:/start
2026-07-31 01:34:38.906 +03:00 [INF] Выполняется команда /start
2026-07-31 01:34:38.907 +03:00 [INF] Команда /start выполнена для чата 5144849455
2026-07-31 01:34:38.908 +03:00 [INF] Executing StatusCodeResult, setting HTTP status code 200
2026-07-31 01:34:38.909 +03:00 [INF] Executed action ChatBot.Controllers.UpdateController.Post (ChatBot) in 3.7346ms
2026-07-31 01:34:38.909 +03:00 [INF] Executed endpoint 'ChatBot.Controllers.UpdateController.Post (ChatBot)'
2026-07-31 01:34:38.910 +03:00 [INF] Request finished HTTP/1.1 POST http://fast-mirrors-battle.loca.lt/api/Update - 200 0 null 10.2247ms
2026-07-31 01:34:49.973 +03:00 [INF] Request starting HTTP/1.1 POST http://fast-mirrors-battle.loca.lt/api/Update - application/json 322
2026-07-31 01:34:49.975 +03:00 [INF] Executing endpoint 'ChatBot.Controllers.UpdateController.Post (ChatBot)'
2026-07-31 01:34:49.976 +03:00 [INF] Route matched with {action = "Post", controller = "Update"}. Executing controller action with signature System.Threading.Tasks.Task`1[Microsoft.AspNetCore.Mvc.IActionResult] Post(ChatBot.Dtos.TelegramUpdate) on controller ChatBot.Controllers.UpdateController (ChatBot).
2026-07-31 01:34:49.978 +03:00 [INF] Executing StatusCodeResult, setting HTTP status code 200
2026-07-31 01:34:49.979 +03:00 [INF] Executed action ChatBot.Controllers.UpdateController.Post (ChatBot) in 0.9594ms
2026-07-31 01:34:49.979 +03:00 [INF] Получено сообщение от чата 5144849455:/help
2026-07-31 01:34:49.980 +03:00 [INF] Executed endpoint 'ChatBot.Controllers.UpdateController.Post (ChatBot)'
2026-07-31 01:34:49.981 +03:00 [INF] Выполняется команда /help
2026-07-31 01:34:49.982 +03:00 [INF] Команда /help выполнена для чата 5144849455
2026-07-31 01:34:49.983 +03:00 [INF] Request finished HTTP/1.1 POST http://fast-mirrors-battle.loca.lt/api/Update - 200 0 null 9.3663ms
2026-07-31 01:55:11.608 +03:00 [INF] Now listening on: http://localhost:5000
2026-07-31 01:55:11.654 +03:00 [INF] Application started. Press Ctrl+C to shut down.
2026-07-31 01:55:11.654 +03:00 [INF] Hosting environment: Development
2026-07-31 01:55:11.655 +03:00 [INF] Content root path: D:\Костя блендер\BackendTruePROJ\BackendTruePROJ
2026-07-31 01:55:47.289 +03:00 [INF] Now listening on: http://localhost:5000
2026-07-31 01:55:47.336 +03:00 [INF] Application started. Press Ctrl+C to shut down.
2026-07-31 01:55:47.336 +03:00 [INF] Hosting environment: Development
2026-07-31 01:55:47.337 +03:00 [INF] Content root path: D:\Костя блендер\BackendTruePROJ\BackendTruePROJ
2026-07-31 02:02:20.067 +03:00 [INF] Now listening on: http://localhost:5000
2026-07-31 02:02:20.112 +03:00 [INF] Application started. Press Ctrl+C to shut down.
2026-07-31 02:02:20.113 +03:00 [INF] Hosting environment: Development
2026-07-31 02:02:20.113 +03:00 [INF] Content root path: D:\Костя блендер\BackendTruePROJ\BackendTruePROJ
2026-07-31 02:02:20.455 +03:00 [INF] Request starting HTTP/1.1 POST http://twelve-seals-travel.loca.lt/api/Update - application/json 323
2026-07-31 02:02:20.476 +03:00 [INF] Executing endpoint 'ChatBot.Controllers.UpdateController.Post (ChatBot)'
2026-07-31 02:02:20.488 +03:00 [INF] Route matched with {action = "Post", controller = "Update"}. Executing controller action with signature System.Threading.Tasks.Task`1[Microsoft.AspNetCore.Mvc.IActionResult] Post(ChatBot.Dtos.TelegramUpdate) on controller ChatBot.Controllers.UpdateController (ChatBot).
2026-07-31 02:02:20.574 +03:00 [INF] Получено сообщение от чата 5144849455:/start
2026-07-31 02:02:20.574 +03:00 [INF] Executing StatusCodeResult, setting HTTP status code 200
2026-07-31 02:02:20.575 +03:00 [INF] Выполняется команда /start
2026-07-31 02:02:20.576 +03:00 [INF] Команда /start выполнена для чата 5144849455
2026-07-31 02:02:20.578 +03:00 [INF] Executed action ChatBot.Controllers.UpdateController.Post (ChatBot) in 87.0028ms
2026-07-31 02:02:20.578 +03:00 [INF] Executed endpoint 'ChatBot.Controllers.UpdateController.Post (ChatBot)'
2026-07-31 02:02:20.580 +03:00 [INF] Request finished HTTP/1.1 POST http://twelve-seals-travel.loca.lt/api/Update - 200 0 null 128.8759ms
2026-07-31 02:02:20.920 +03:00 [INF] Request starting HTTP/1.1 POST http://twelve-seals-travel.loca.lt/api/Update - application/json 323
2026-07-31 02:02:20.922 +03:00 [INF] Executing endpoint 'ChatBot.Controllers.UpdateController.Post (ChatBot)'
2026-07-31 02:02:20.924 +03:00 [INF] Route matched with {action = "Post", controller = "Update"}. Executing controller action with signature System.Threading.Tasks.Task`1[Microsoft.AspNetCore.Mvc.IActionResult] Post(ChatBot.Dtos.TelegramUpdate) on controller ChatBot.Controllers.UpdateController (ChatBot).
2026-07-31 02:02:20.927 +03:00 [INF] Получено сообщение от чата 5144849455:/start
2026-07-31 02:02:20.928 +03:00 [INF] Executing StatusCodeResult, setting HTTP status code 200
2026-07-31 02:02:20.928 +03:00 [INF] Выполняется команда /start
2026-07-31 02:02:20.928 +03:00 [INF] Команда /start выполнена для чата 5144849455
2026-07-31 02:02:20.929 +03:00 [INF] Executed action ChatBot.Controllers.UpdateController.Post (ChatBot) in 2.2239ms
2026-07-31 02:02:20.929 +03:00 [INF] Executed endpoint 'ChatBot.Controllers.UpdateController.Post (ChatBot)'
2026-07-31 02:02:20.930 +03:00 [INF] Request finished HTTP/1.1 POST http://twelve-seals-travel.loca.lt/api/Update - 200 0 null 11.0169ms
2026-07-31 02:03:02.394 +03:00 [INF] Request starting HTTP/1.1 POST http://twelve-seals-travel.loca.lt/api/Update - application/json 322
2026-07-31 02:03:02.403 +03:00 [INF] Executing endpoint 'ChatBot.Controllers.UpdateController.Post (ChatBot)'
2026-07-31 02:03:02.404 +03:00 [INF] Route matched with {action = "Post", controller = "Update"}. Executing controller action with signature System.Threading.Tasks.Task`1[Microsoft.AspNetCore.Mvc.IActionResult] Post(ChatBot.Dtos.TelegramUpdate) on controller ChatBot.Controllers.UpdateController (ChatBot).
2026-07-31 02:03:02.405 +03:00 [INF] Получено сообщение от чата 5144849455:/help
2026-07-31 02:03:02.405 +03:00 [INF] Executing StatusCodeResult, setting HTTP status code 200
2026-07-31 02:03:02.408 +03:00 [INF] Executed action ChatBot.Controllers.UpdateController.Post (ChatBot) in 2.8348ms
2026-07-31 02:03:02.409 +03:00 [INF] Executed endpoint 'ChatBot.Controllers.UpdateController.Post (ChatBot)'
2026-07-31 02:03:02.409 +03:00 [INF] Выполняется команда /help
2026-07-31 02:03:02.412 +03:00 [INF] Request finished HTTP/1.1 POST http://twelve-seals-travel.loca.lt/api/Update - 200 0 null 19.2119ms
2026-07-31 02:03:02.415 +03:00 [INF] Команда /help выполнена для чата 5144849455
2026-07-31 02:03:21.366 +03:00 [INF] Request starting HTTP/1.1 POST http://twelve-seals-travel.loca.lt/api/Update - application/json 322
2026-07-31 02:03:21.370 +03:00 [INF] Executing endpoint 'ChatBot.Controllers.UpdateController.Post (ChatBot)'
2026-07-31 02:03:21.372 +03:00 [INF] Route matched with {action = "Post", controller = "Update"}. Executing controller action with signature System.Threading.Tasks.Task`1[Microsoft.AspNetCore.Mvc.IActionResult] Post(ChatBot.Dtos.TelegramUpdate) on controller ChatBot.Controllers.UpdateController (ChatBot).
2026-07-31 02:03:21.374 +03:00 [INF] Executing StatusCodeResult, setting HTTP status code 200
2026-07-31 02:03:21.375 +03:00 [INF] Получено сообщение от чата 5144849455:/joke
2026-07-31 02:03:21.376 +03:00 [INF] Executed action ChatBot.Controllers.UpdateController.Post (ChatBot) in 1.3442ms
2026-07-31 02:03:21.377 +03:00 [INF] Выполняется команда /joke
2026-07-31 02:03:21.377 +03:00 [INF] Executed endpoint 'ChatBot.Controllers.UpdateController.Post (ChatBot)'
2026-07-31 02:03:21.379 +03:00 [INF] Request finished HTTP/1.1 POST http://twelve-seals-travel.loca.lt/api/Update - 200 0 null 12.6783ms
2026-07-31 02:11:22.038 +03:00 [INF] Now listening on: http://localhost:5000
2026-07-31 02:11:22.083 +03:00 [INF] Application started. Press Ctrl+C to shut down.
2026-07-31 02:11:22.084 +03:00 [INF] Hosting environment: Development
2026-07-31 02:11:22.085 +03:00 [INF] Content root path: D:\Костя блендер\BackendTruePROJ\BackendTruePROJ
2026-07-31 16:24:32.026 +03:00 [INF] Now listening on: http://localhost:5000
2026-07-31 16:24:32.079 +03:00 [INF] Application started. Press Ctrl+C to shut down.
2026-07-31 16:24:32.080 +03:00 [INF] Hosting environment: Development
2026-07-31 16:24:32.080 +03:00 [INF] Content root path: D:\Костя блендер\BackendTruePROJ\BackendTruePROJ
2026-07-31 16:27:18.592 +03:00 [INF] Now listening on: http://localhost:5000
2026-07-31 16:27:18.642 +03:00 [INF] Application started. Press Ctrl+C to shut down.
2026-07-31 16:27:18.643 +03:00 [INF] Hosting environment: Development
2026-07-31 16:27:18.644 +03:00 [INF] Content root path: D:\Костя блендер\BackendTruePROJ\BackendTruePROJ
2026-07-31 16:33:45.568 +03:00 [INF] Now listening on: http://localhost:5000
2026-07-31 16:33:45.616 +03:00 [INF] Application started. Press Ctrl+C to shut down.
2026-07-31 16:33:45.617 +03:00 [INF] Hosting environment: Development
2026-07-31 16:33:45.617 +03:00 [INF] Content root path: D:\Костя блендер\BackendTruePROJ\BackendTruePROJ
2026-07-31 16:35:43.962 +03:00 [INF] Now listening on: http://localhost:5000
2026-07-31 16:35:44.020 +03:00 [INF] Application started. Press Ctrl+C to shut down.
2026-07-31 16:35:44.021 +03:00 [INF] Hosting environment: Development
2026-07-31 16:35:44.022 +03:00 [INF] Content root path: D:\Костя блендер\BackendTruePROJ\BackendTruePROJ
2026-07-31 16:36:37.999 +03:00 [INF] Request starting HTTP/1.1 POST http://deep-drinks-refuse.loca.lt/api/Update - application/json 323
2026-07-31 16:36:38.023 +03:00 [INF] Executing endpoint 'ChatBot.Controllers.UpdateController.Post (ChatBot)'
2026-07-31 16:36:38.035 +03:00 [INF] Route matched with {action = "Post", controller = "Update"}. Executing controller action with signature System.Threading.Tasks.Task`1[Microsoft.AspNetCore.Mvc.IActionResult] Post(ChatBot.Dtos.TelegramUpdate) on controller ChatBot.Controllers.UpdateController (ChatBot).
2026-07-31 16:36:38.132 +03:00 [INF] Получено сообщение от чата 5144849455:/start
2026-07-31 16:36:38.132 +03:00 [INF] Executing StatusCodeResult, setting HTTP status code 200
2026-07-31 16:36:38.133 +03:00 [INF] Выполняется команда /start
2026-07-31 16:36:38.134 +03:00 [INF] Команда /start выполнена для чата 5144849455
2026-07-31 16:36:38.136 +03:00 [INF] Executed action ChatBot.Controllers.UpdateController.Post (ChatBot) in 97.0102ms
2026-07-31 16:36:38.137 +03:00 [INF] Executed endpoint 'ChatBot.Controllers.UpdateController.Post (ChatBot)'
2026-07-31 16:36:38.139 +03:00 [INF] Request finished HTTP/1.1 POST http://deep-drinks-refuse.loca.lt/api/Update - 200 0 null 143.0119ms
2026-07-31 16:36:38.469 +03:00 [INF] Request starting HTTP/1.1 POST http://deep-drinks-refuse.loca.lt/api/Update - application/json 323
2026-07-31 16:36:38.476 +03:00 [INF] Executing endpoint 'ChatBot.Controllers.UpdateController.Post (ChatBot)'
2026-07-31 16:36:38.478 +03:00 [INF] Route matched with {action = "Post", controller = "Update"}. Executing controller action with signature System.Threading.Tasks.Task`1[Microsoft.AspNetCore.Mvc.IActionResult] Post(ChatBot.Dtos.TelegramUpdate) on controller ChatBot.Controllers.UpdateController (ChatBot).
2026-07-31 16:36:38.481 +03:00 [INF] Получено сообщение от чата 5144849455:/start
2026-07-31 16:36:38.481 +03:00 [INF] Выполняется команда /start
2026-07-31 16:36:38.481 +03:00 [INF] Executing StatusCodeResult, setting HTTP status code 200
2026-07-31 16:36:38.482 +03:00 [INF] Команда /start выполнена для чата 5144849455
2026-07-31 16:36:38.482 +03:00 [INF] Executed action ChatBot.Controllers.UpdateController.Post (ChatBot) in 2.1204ms
2026-07-31 16:36:38.483 +03:00 [INF] Executed endpoint 'ChatBot.Controllers.UpdateController.Post (ChatBot)'
2026-07-31 16:36:38.483 +03:00 [INF] Request finished HTTP/1.1 POST http://deep-drinks-refuse.loca.lt/api/Update - 200 0 null 15.0985ms
2026-07-31 16:36:38.807 +03:00 [INF] Request starting HTTP/1.1 POST http://deep-drinks-refuse.loca.lt/api/Update - application/json 323
2026-07-31 16:36:38.817 +03:00 [INF] Executing endpoint 'ChatBot.Controllers.UpdateController.Post (ChatBot)'
2026-07-31 16:36:38.820 +03:00 [INF] Route matched with {action = "Post", controller = "Update"}. Executing controller action with signature System.Threading.Tasks.Task`1[Microsoft.AspNetCore.Mvc.IActionResult] Post(ChatBot.Dtos.TelegramUpdate) on controller ChatBot.Controllers.UpdateController (ChatBot).
2026-07-31 16:36:38.830 +03:00 [INF] Получено сообщение от чата 5144849455:/start
2026-07-31 16:36:38.834 +03:00 [INF] Executing StatusCodeResult, setting HTTP status code 200
2026-07-31 16:36:38.834 +03:00 [INF] Выполняется команда /start
2026-07-31 16:36:38.842 +03:00 [INF] Команда /start выполнена для чата 5144849455
2026-07-31 16:36:38.846 +03:00 [INF] Executed action ChatBot.Controllers.UpdateController.Post (ChatBot) in 11.846ms
2026-07-31 16:36:38.852 +03:00 [INF] Executed endpoint 'ChatBot.Controllers.UpdateController.Post (ChatBot)'
2026-07-31 16:36:38.855 +03:00 [INF] Request finished HTTP/1.1 POST http://deep-drinks-refuse.loca.lt/api/Update - 200 0 null 48.0743ms
2026-07-31 16:37:05.138 +03:00 [INF] Request starting HTTP/1.1 POST http://deep-drinks-refuse.loca.lt/api/Update - application/json 322
2026-07-31 16:37:05.147 +03:00 [INF] Executing endpoint 'ChatBot.Controllers.UpdateController.Post (ChatBot)'
2026-07-31 16:37:05.148 +03:00 [INF] Route matched with {action = "Post", controller = "Update"}. Executing controller action with signature System.Threading.Tasks.Task`1[Microsoft.AspNetCore.Mvc.IActionResult] Post(ChatBot.Dtos.TelegramUpdate) on controller ChatBot.Controllers.UpdateController (ChatBot).
2026-07-31 16:37:05.150 +03:00 [INF] Executing StatusCodeResult, setting HTTP status code 200
2026-07-31 16:37:05.151 +03:00 [INF] Executed action ChatBot.Controllers.UpdateController.Post (ChatBot) in 1.6769ms
2026-07-31 16:37:05.152 +03:00 [INF] Получено сообщение от чата 5144849455:/help
2026-07-31 16:37:05.152 +03:00 [INF] Executed endpoint 'ChatBot.Controllers.UpdateController.Post (ChatBot)'
2026-07-31 16:37:05.153 +03:00 [INF] Выполняется команда /help
2026-07-31 16:37:05.154 +03:00 [INF] Request finished HTTP/1.1 POST http://deep-drinks-refuse.loca.lt/api/Update - 200 0 null 15.9543ms
2026-07-31 16:37:05.155 +03:00 [INF] Команда /help выполнена для чата 5144849455
2026-07-31 16:37:09.352 +03:00 [INF] Request starting HTTP/1.1 POST http://deep-drinks-refuse.loca.lt/api/Update - application/json 323
2026-07-31 16:37:09.356 +03:00 [INF] Executing endpoint 'ChatBot.Controllers.UpdateController.Post (ChatBot)'
2026-07-31 16:37:09.357 +03:00 [INF] Route matched with {action = "Post", controller = "Update"}. Executing controller action with signature System.Threading.Tasks.Task`1[Microsoft.AspNetCore.Mvc.IActionResult] Post(ChatBot.Dtos.TelegramUpdate) on controller ChatBot.Controllers.UpdateController (ChatBot).
2026-07-31 16:37:09.361 +03:00 [INF] Получено сообщение от чата 5144849455:/stats
2026-07-31 16:37:09.362 +03:00 [INF] Executing StatusCodeResult, setting HTTP status code 200
2026-07-31 16:37:09.362 +03:00 [INF] Executed action ChatBot.Controllers.UpdateController.Post (ChatBot) in 1.1603ms
2026-07-31 16:37:09.362 +03:00 [INF] Executed endpoint 'ChatBot.Controllers.UpdateController.Post (ChatBot)'
2026-07-31 16:37:09.363 +03:00 [INF] Выполняется команда /stats
2026-07-31 16:37:09.363 +03:00 [INF] Request finished HTTP/1.1 POST http://deep-drinks-refuse.loca.lt/api/Update - 200 0 null 11.4096ms
2026-07-31 16:37:09.365 +03:00 [INF] Подсчёт статистики для чата 5144849455
2026-07-31 16:37:42.981 +03:00 [INF] Request starting HTTP/1.1 POST http://deep-drinks-refuse.loca.lt/api/Update - application/json 323
2026-07-31 16:37:42.984 +03:00 [INF] Executing endpoint 'ChatBot.Controllers.UpdateController.Post (ChatBot)'
2026-07-31 16:37:42.985 +03:00 [INF] Route matched with {action = "Post", controller = "Update"}. Executing controller action with signature System.Threading.Tasks.Task`1[Microsoft.AspNetCore.Mvc.IActionResult] Post(ChatBot.Dtos.TelegramUpdate) on controller ChatBot.Controllers.UpdateController (ChatBot).
2026-07-31 16:37:42.986 +03:00 [INF] Executing StatusCodeResult, setting HTTP status code 200
2026-07-31 16:37:42.986 +03:00 [INF] Получено сообщение от чата 5144849455:/clear
2026-07-31 16:37:42.987 +03:00 [INF] Executed action ChatBot.Controllers.UpdateController.Post (ChatBot) in 1.4397ms
2026-07-31 16:37:42.987 +03:00 [INF] Выполняется команда /clear
2026-07-31 16:37:42.987 +03:00 [INF] Executed endpoint 'ChatBot.Controllers.UpdateController.Post (ChatBot)'
2026-07-31 16:37:42.988 +03:00 [INF] Request finished HTTP/1.1 POST http://deep-drinks-refuse.loca.lt/api/Update - 200 0 null 6.9769ms
2026-07-31 16:37:42.989 +03:00 [INF] Очистка истории для чата 5144849455
2026-07-31 16:38:08.376 +03:00 [INF] Request starting HTTP/1.1 POST http://deep-drinks-refuse.loca.lt/api/Update - application/json 328
2026-07-31 16:38:08.394 +03:00 [INF] Executing endpoint 'ChatBot.Controllers.UpdateController.Post (ChatBot)'
2026-07-31 16:38:08.398 +03:00 [INF] Route matched with {action = "Post", controller = "Update"}. Executing controller action with signature System.Threading.Tasks.Task`1[Microsoft.AspNetCore.Mvc.IActionResult] Post(ChatBot.Dtos.TelegramUpdate) on controller ChatBot.Controllers.UpdateController (ChatBot).
2026-07-31 16:38:08.403 +03:00 [INF] Executing StatusCodeResult, setting HTTP status code 200
2026-07-31 16:38:08.405 +03:00 [INF] Executed action ChatBot.Controllers.UpdateController.Post (ChatBot) in 2.728ms
2026-07-31 16:38:08.409 +03:00 [INF] Executed endpoint 'ChatBot.Controllers.UpdateController.Post (ChatBot)'
2026-07-31 16:38:08.412 +03:00 [INF] Получено сообщение от чата 5144849455:/summarize
2026-07-31 16:38:08.412 +03:00 [INF] Request finished HTTP/1.1 POST http://deep-drinks-refuse.loca.lt/api/Update - 200 0 null 36.8274ms
2026-07-31 16:38:08.431 +03:00 [INF] Выполняется команда /summarize
2026-07-31 16:38:08.435 +03:00 [INF] Команда /summarize выполнена для чата 5144849455
2026-07-31 16:38:08.440 +03:00 [INF] Загрузка истории для чата 5144849455
2026-07-31 16:38:16.216 +03:00 [INF] Request starting HTTP/1.1 POST http://deep-drinks-refuse.loca.lt/api/Update - application/json 322
2026-07-31 16:38:16.218 +03:00 [INF] Executing endpoint 'ChatBot.Controllers.UpdateController.Post (ChatBot)'
2026-07-31 16:38:16.219 +03:00 [INF] Route matched with {action = "Post", controller = "Update"}. Executing controller action with signature System.Threading.Tasks.Task`1[Microsoft.AspNetCore.Mvc.IActionResult] Post(ChatBot.Dtos.TelegramUpdate) on controller ChatBot.Controllers.UpdateController (ChatBot).
2026-07-31 16:38:16.220 +03:00 [INF] Executing StatusCodeResult, setting HTTP status code 200
2026-07-31 16:38:16.221 +03:00 [INF] Получено сообщение от чата 5144849455:/undo
2026-07-31 16:38:16.221 +03:00 [INF] Выполняется команда /undo
2026-07-31 16:38:16.222 +03:00 [INF] Executed action ChatBot.Controllers.UpdateController.Post (ChatBot) in 1.5121ms
2026-07-31 16:38:16.225 +03:00 [INF] Executed endpoint 'ChatBot.Controllers.UpdateController.Post (ChatBot)'
2026-07-31 16:38:16.225 +03:00 [INF] Команда /undo выполнена для чата 5144849455
2026-07-31 16:38:16.225 +03:00 [INF] Request finished HTTP/1.1 POST http://deep-drinks-refuse.loca.lt/api/Update - 200 0 null 9.1782ms
2026-07-31 16:38:16.226 +03:00 [INF] Удаление последнего сообщения для чата 5144849455
2026-07-31 16:38:20.534 +03:00 [INF] Request starting HTTP/1.1 POST http://deep-drinks-refuse.loca.lt/api/Update - application/json 322
2026-07-31 16:38:20.543 +03:00 [INF] Executing endpoint 'ChatBot.Controllers.UpdateController.Post (ChatBot)'
2026-07-31 16:38:20.546 +03:00 [INF] Route matched with {action = "Post", controller = "Update"}. Executing controller action with signature System.Threading.Tasks.Task`1[Microsoft.AspNetCore.Mvc.IActionResult] Post(ChatBot.Dtos.TelegramUpdate) on controller ChatBot.Controllers.UpdateController (ChatBot).
2026-07-31 16:38:20.552 +03:00 [INF] Получено сообщение от чата 5144849455:/joke
2026-07-31 16:38:20.552 +03:00 [INF] Executing StatusCodeResult, setting HTTP status code 200
2026-07-31 16:38:20.560 +03:00 [INF] Выполняется команда /joke
2026-07-31 16:38:20.565 +03:00 [INF] Executed action ChatBot.Controllers.UpdateController.Post (ChatBot) in 8.8371ms
2026-07-31 16:38:20.571 +03:00 [INF] Executed endpoint 'ChatBot.Controllers.UpdateController.Post (ChatBot)'
2026-07-31 16:38:20.575 +03:00 [INF] Request finished HTTP/1.1 POST http://deep-drinks-refuse.loca.lt/api/Update - 200 0 null 41.7564ms
2026-07-31 16:39:29.899 +03:00 [INF] Request starting HTTP/1.1 POST http://deep-drinks-refuse.loca.lt/api/Update - application/json 322
2026-07-31 16:39:29.906 +03:00 [INF] Executing endpoint 'ChatBot.Controllers.UpdateController.Post (ChatBot)'
2026-07-31 16:39:29.907 +03:00 [INF] Route matched with {action = "Post", controller = "Update"}. Executing controller action with signature System.Threading.Tasks.Task`1[Microsoft.AspNetCore.Mvc.IActionResult] Post(ChatBot.Dtos.TelegramUpdate) on controller ChatBot.Controllers.UpdateController (ChatBot).
2026-07-31 16:39:29.909 +03:00 [INF] Получено сообщение от чата 5144849455:/joke
2026-07-31 16:39:29.909 +03:00 [INF] Executing StatusCodeResult, setting HTTP status code 200
2026-07-31 16:39:29.911 +03:00 [INF] Выполняется команда /joke
2026-07-31 16:39:29.912 +03:00 [INF] Executed action ChatBot.Controllers.UpdateController.Post (ChatBot) in 2.0527ms
2026-07-31 16:39:29.913 +03:00 [INF] Executed endpoint 'ChatBot.Controllers.UpdateController.Post (ChatBot)'
2026-07-31 16:39:29.946 +03:00 [INF] Request finished HTTP/1.1 POST http://deep-drinks-refuse.loca.lt/api/Update - 200 0 null 46.9065ms
2026-07-31 16:39:30.271 +03:00 [INF] Request starting HTTP/1.1 POST http://deep-drinks-refuse.loca.lt/api/Update - application/json 322
2026-07-31 16:39:30.286 +03:00 [INF] Executing endpoint 'ChatBot.Controllers.UpdateController.Post (ChatBot)'
2026-07-31 16:39:30.290 +03:00 [INF] Route matched with {action = "Post", controller = "Update"}. Executing controller action with signature System.Threading.Tasks.Task`1[Microsoft.AspNetCore.Mvc.IActionResult] Post(ChatBot.Dtos.TelegramUpdate) on controller ChatBot.Controllers.UpdateController (ChatBot).
2026-07-31 16:39:30.298 +03:00 [INF] Получено сообщение от чата 5144849455:/help
2026-07-31 16:39:30.302 +03:00 [INF] Executing StatusCodeResult, setting HTTP status code 200
2026-07-31 16:39:30.306 +03:00 [INF] Выполняется команда /help
2026-07-31 16:39:30.310 +03:00 [INF] Команда /help выполнена для чата 5144849455
2026-07-31 16:39:30.313 +03:00 [INF] Executed action ChatBot.Controllers.UpdateController.Post (ChatBot) in 7.4827ms
2026-07-31 16:39:30.321 +03:00 [INF] Executed endpoint 'ChatBot.Controllers.UpdateController.Post (ChatBot)'
2026-07-31 16:39:30.330 +03:00 [INF] Request finished HTTP/1.1 POST http://deep-drinks-refuse.loca.lt/api/Update - 200 0 null 59.126ms
2026-07-31 16:41:41.509 +03:00 [INF] Request starting HTTP/1.1 POST http://deep-drinks-refuse.loca.lt/api/Update - application/json 323
2026-07-31 16:41:41.521 +03:00 [INF] Executing endpoint 'ChatBot.Controllers.UpdateController.Post (ChatBot)'
2026-07-31 16:41:41.525 +03:00 [INF] Route matched with {action = "Post", controller = "Update"}. Executing controller action with signature System.Threading.Tasks.Task`1[Microsoft.AspNetCore.Mvc.IActionResult] Post(ChatBot.Dtos.TelegramUpdate) on controller ChatBot.Controllers.UpdateController (ChatBot).
2026-07-31 16:41:41.529 +03:00 [INF] Получено сообщение от чата 5144849455:/stats
2026-07-31 16:41:41.536 +03:00 [INF] Executing StatusCodeResult, setting HTTP status code 200
2026-07-31 16:41:41.537 +03:00 [INF] Выполняется команда /stats
2026-07-31 16:41:41.540 +03:00 [INF] Executed action ChatBot.Controllers.UpdateController.Post (ChatBot) in 11.1795ms
2026-07-31 16:41:41.546 +03:00 [INF] Подсчёт статистики для чата 5144849455
2026-07-31 16:41:41.549 +03:00 [INF] Executed endpoint 'ChatBot.Controllers.UpdateController.Post (ChatBot)'
2026-07-31 16:41:41.556 +03:00 [INF] Request finished HTTP/1.1 POST http://deep-drinks-refuse.loca.lt/api/Update - 200 0 null 80.8769ms
2026-07-31 16:42:25.798 +03:00 [INF] Request starting HTTP/1.1 POST http://deep-drinks-refuse.loca.lt/api/Update - application/json 323
2026-07-31 16:42:25.802 +03:00 [INF] Executing endpoint 'ChatBot.Controllers.UpdateController.Post (ChatBot)'
2026-07-31 16:42:25.804 +03:00 [INF] Route matched with {action = "Post", controller = "Update"}. Executing controller action with signature System.Threading.Tasks.Task`1[Microsoft.AspNetCore.Mvc.IActionResult] Post(ChatBot.Dtos.TelegramUpdate) on controller ChatBot.Controllers.UpdateController (ChatBot).
2026-07-31 16:42:25.806 +03:00 [INF] Executing StatusCodeResult, setting HTTP status code 200
2026-07-31 16:42:25.808 +03:00 [INF] Executed action ChatBot.Controllers.UpdateController.Post (ChatBot) in 2.0931ms
2026-07-31 16:42:25.809 +03:00 [INF] Получено сообщение от чата 5144849455:/clear
2026-07-31 16:42:25.810 +03:00 [INF] Выполняется команда /clear
2026-07-31 16:42:25.811 +03:00 [INF] Очистка истории для чата 5144849455
2026-07-31 16:42:25.812 +03:00 [INF] Executed endpoint 'ChatBot.Controllers.UpdateController.Post (ChatBot)'
2026-07-31 16:42:25.813 +03:00 [INF] Request finished HTTP/1.1 POST http://deep-drinks-refuse.loca.lt/api/Update - 200 0 null 15.8006ms
2026-07-31 16:42:34.776 +03:00 [INF] Request starting HTTP/1.1 POST http://deep-drinks-refuse.loca.lt/api/Update - application/json 322
2026-07-31 16:42:34.784 +03:00 [INF] Executing endpoint 'ChatBot.Controllers.UpdateController.Post (ChatBot)'
2026-07-31 16:42:34.787 +03:00 [INF] Route matched with {action = "Post", controller = "Update"}. Executing controller action with signature System.Threading.Tasks.Task`1[Microsoft.AspNetCore.Mvc.IActionResult] Post(ChatBot.Dtos.TelegramUpdate) on controller ChatBot.Controllers.UpdateController (ChatBot).
2026-07-31 16:42:34.791 +03:00 [INF] Получено сообщение от чата 5144849455:/undo
2026-07-31 16:42:34.791 +03:00 [INF] Executing StatusCodeResult, setting HTTP status code 200
2026-07-31 16:42:34.793 +03:00 [INF] Выполняется команда /undo
2026-07-31 16:42:34.794 +03:00 [INF] Executed action ChatBot.Controllers.UpdateController.Post (ChatBot) in 2.5746ms
2026-07-31 16:42:34.794 +03:00 [INF] Команда /undo выполнена для чата 5144849455
2026-07-31 16:42:34.796 +03:00 [INF] Executed endpoint 'ChatBot.Controllers.UpdateController.Post (ChatBot)'
2026-07-31 16:42:34.797 +03:00 [INF] Удаление последнего сообщения для чата 5144849455
2026-07-31 16:42:34.798 +03:00 [INF] Request finished HTTP/1.1 POST http://deep-drinks-refuse.loca.lt/api/Update - 200 0 null 21.737ms
2026-07-31 17:59:00.193 +03:00 [INF] Now listening on: http://localhost:5000
2026-07-31 17:59:00.238 +03:00 [INF] Application started. Press Ctrl+C to shut down.
2026-07-31 17:59:00.238 +03:00 [INF] Hosting environment: Development
2026-07-31 17:59:00.239 +03:00 [INF] Content root path: D:\Костя блендер\BackendTruePROJ\BackendTruePROJ
2026-07-31 17:59:08.638 +03:00 [INF] Request starting HTTP/1.1 POST http://slick-towns-wait.loca.lt/api/Update - application/json 323
2026-07-31 17:59:08.671 +03:00 [WRN] Failed to determine the https port for redirect.
2026-07-31 17:59:08.676 +03:00 [INF] Executing endpoint 'ChatBot.Controllers.UpdateController.Post (ChatBot)'
2026-07-31 17:59:08.693 +03:00 [INF] Route matched with {action = "Post", controller = "Update"}. Executing controller action with signature System.Threading.Tasks.Task`1[Microsoft.AspNetCore.Mvc.IActionResult] Post(ChatBot.Dtos.TelegramUpdate) on controller ChatBot.Controllers.UpdateController (ChatBot).
2026-07-31 17:59:08.813 +03:00 [INF] Получено сообщение от чата 5144849455:/clear
2026-07-31 17:59:08.813 +03:00 [INF] Executing StatusCodeResult, setting HTTP status code 200
2026-07-31 17:59:08.814 +03:00 [INF] Выполняется команда /clear
2026-07-31 17:59:08.815 +03:00 [INF] Очистка истории для чата 5144849455
2026-07-31 17:59:08.817 +03:00 [INF] Executed action ChatBot.Controllers.UpdateController.Post (ChatBot) in 114.5023ms
2026-07-31 17:59:08.817 +03:00 [INF] Executed endpoint 'ChatBot.Controllers.UpdateController.Post (ChatBot)'
2026-07-31 17:59:08.820 +03:00 [INF] Request finished HTTP/1.1 POST http://slick-towns-wait.loca.lt/api/Update - 200 0 null 184.6512ms
2026-07-31 17:59:09.178 +03:00 [INF] Request starting HTTP/1.1 POST http://slick-towns-wait.loca.lt/api/Update - application/json 323
2026-07-31 17:59:09.181 +03:00 [INF] Executing endpoint 'ChatBot.Controllers.UpdateController.Post (ChatBot)'
2026-07-31 17:59:09.183 +03:00 [INF] Route matched with {action = "Post", controller = "Update"}. Executing controller action with signature System.Threading.Tasks.Task`1[Microsoft.AspNetCore.Mvc.IActionResult] Post(ChatBot.Dtos.TelegramUpdate) on controller ChatBot.Controllers.UpdateController (ChatBot).
2026-07-31 17:59:09.186 +03:00 [INF] Получено сообщение от чата 5144849455:/clear
2026-07-31 17:59:09.187 +03:00 [INF] Выполняется команда /clear
2026-07-31 17:59:09.187 +03:00 [INF] Executing StatusCodeResult, setting HTTP status code 200
2026-07-31 17:59:09.189 +03:00 [INF] Очистка истории для чата 5144849455
2026-07-31 17:59:09.190 +03:00 [INF] Executed action ChatBot.Controllers.UpdateController.Post (ChatBot) in 5.0224ms
2026-07-31 17:59:09.191 +03:00 [INF] Executed endpoint 'ChatBot.Controllers.UpdateController.Post (ChatBot)'
2026-07-31 17:59:09.192 +03:00 [INF] Request finished HTTP/1.1 POST http://slick-towns-wait.loca.lt/api/Update - 200 0 null 14.449ms
2026-07-31 17:59:46.509 +03:00 [INF] Request starting HTTP/1.1 POST http://slick-towns-wait.loca.lt/api/Update - application/json 323
2026-07-31 17:59:46.526 +03:00 [INF] Executing endpoint 'ChatBot.Controllers.UpdateController.Post (ChatBot)'
2026-07-31 17:59:46.531 +03:00 [INF] Route matched with {action = "Post", controller = "Update"}. Executing controller action with signature System.Threading.Tasks.Task`1[Microsoft.AspNetCore.Mvc.IActionResult] Post(ChatBot.Dtos.TelegramUpdate) on controller ChatBot.Controllers.UpdateController (ChatBot).
2026-07-31 17:59:46.538 +03:00 [INF] Получено сообщение от чата 5144849455:/stats
2026-07-31 17:59:46.538 +03:00 [INF] Executing StatusCodeResult, setting HTTP status code 200
2026-07-31 17:59:46.547 +03:00 [INF] Выполняется команда /stats
2026-07-31 17:59:46.550 +03:00 [INF] Executed action ChatBot.Controllers.UpdateController.Post (ChatBot) in 9.4805ms
2026-07-31 17:59:46.555 +03:00 [INF] Подсчёт статистики для чата 5144849455
2026-07-31 17:59:46.559 +03:00 [INF] Executed endpoint 'ChatBot.Controllers.UpdateController.Post (ChatBot)'
2026-07-31 17:59:46.566 +03:00 [INF] Request finished HTTP/1.1 POST http://slick-towns-wait.loca.lt/api/Update - 200 0 null 57.9149ms
2026-07-31 21:12:39.931 +03:00 [INF] Now listening on: http://localhost:5000
2026-07-31 21:12:40.146 +03:00 [INF] Application started. Press Ctrl+C to shut down.
2026-07-31 21:12:40.148 +03:00 [INF] Hosting environment: Development
2026-07-31 21:12:40.149 +03:00 [INF] Content root path: D:\Костя блендер\BackendTruePROJ\BackendTruePROJ
2026-07-31 21:12:49.653 +03:00 [INF] Request starting HTTP/1.1 POST http://sixty-melons-stare.loca.lt/api/Update - application/json 324
2026-07-31 21:12:49.681 +03:00 [WRN] Failed to determine the https port for redirect.
2026-07-31 21:12:49.684 +03:00 [INF] Executing endpoint 'ChatBot.Controllers.UpdateController.Post (ChatBot)'
2026-07-31 21:12:49.698 +03:00 [INF] Route matched with {action = "Post", controller = "Update"}. Executing controller action with signature System.Threading.Tasks.Task`1[Microsoft.AspNetCore.Mvc.IActionResult] Post(ChatBot.Dtos.TelegramUpdate) on controller ChatBot.Controllers.UpdateController (ChatBot).
2026-07-31 21:12:49.820 +03:00 [INF] Получено сообщение от чата 5144849455:/stats
2026-07-31 21:12:49.820 +03:00 [INF] Executing StatusCodeResult, setting HTTP status code 200
2026-07-31 21:12:49.821 +03:00 [INF] Выполняется команда /stats
2026-07-31 21:12:49.823 +03:00 [INF] Подсчёт статистики для чата 5144849455
2026-07-31 21:12:49.824 +03:00 [INF] Executed action ChatBot.Controllers.UpdateController.Post (ChatBot) in 123.6045ms
2026-07-31 21:12:49.825 +03:00 [INF] Executed endpoint 'ChatBot.Controllers.UpdateController.Post (ChatBot)'
2026-07-31 21:12:49.827 +03:00 [INF] Request finished HTTP/1.1 POST http://sixty-melons-stare.loca.lt/api/Update - 200 0 null 177.3289ms
2026-07-31 21:12:59.311 +03:00 [INF] Request starting HTTP/1.1 POST http://sixty-melons-stare.loca.lt/api/Update - application/json 296
2026-07-31 21:12:59.314 +03:00 [INF] Executing endpoint 'ChatBot.Controllers.UpdateController.Post (ChatBot)'
2026-07-31 21:12:59.315 +03:00 [INF] Route matched with {action = "Post", controller = "Update"}. Executing controller action with signature System.Threading.Tasks.Task`1[Microsoft.AspNetCore.Mvc.IActionResult] Post(ChatBot.Dtos.TelegramUpdate) on controller ChatBot.Controllers.UpdateController (ChatBot).
2026-07-31 21:12:59.317 +03:00 [INF] Получено сообщение от чата 5144849455:привет
2026-07-31 21:12:59.317 +03:00 [INF] Executing StatusCodeResult, setting HTTP status code 200
2026-07-31 21:12:59.318 +03:00 [INF] Сохранение сообщения от чата 5144849455: user
2026-07-31 21:12:59.319 +03:00 [INF] Executed action ChatBot.Controllers.UpdateController.Post (ChatBot) in 2.9111ms
2026-07-31 21:12:59.320 +03:00 [INF] Загрузка истории для чата 5144849455
2026-07-31 21:12:59.320 +03:00 [INF] Executed endpoint 'ChatBot.Controllers.UpdateController.Post (ChatBot)'
2026-07-31 21:12:59.321 +03:00 [INF] Отправка запроса в Chat API
2026-07-31 21:12:59.322 +03:00 [INF] Request finished HTTP/1.1 POST http://sixty-melons-stare.loca.lt/api/Update - 200 0 null 10.7661ms
2026-07-31 21:12:59.335 +03:00 [INF] Отправка запроса к модели openrouter/hunter-alpha
2026-07-31 21:12:59.339 +03:00 [INF] Start processing HTTP request POST https://openrouter.ai/api/v1/chat/completions
2026-07-31 21:12:59.340 +03:00 [INF] Sending HTTP request POST https://openrouter.ai/api/v1/chat/completions
2026-07-31 21:12:59.914 +03:00 [INF] Received HTTP response headers after 572.1858ms - 401
2026-07-31 21:12:59.916 +03:00 [INF] End processing HTTP request after 577.7185ms - 401
2026-07-31 21:12:59.958 +03:00 [ERR] Ошибка при вызове Chat API
System.Net.Http.HttpRequestException: Response status code does not indicate success: 401 (Unauthorized).
   at System.Net.Http.HttpResponseMessage.EnsureSuccessStatusCode()
   at ChatBot.Repositories.Implementations.HttpChatApiClient.SendMessageAsync(String userMessage, IEnumerable`1 history) in D:\Костя блендер\BackendTruePROJ\BackendTruePROJ\Repositories\Implementations\HttpChatApiClient.cs:line 41
   at ChatBot.Commands.TelegramUpdateProcessor.HandleAsync(TelegramUpdate update) in D:\Костя блендер\BackendTruePROJ\BackendTruePROJ\Commands\TelegramUpdateProcessor.cs:line 73
2026-07-31 21:31:39.297 +03:00 [INF] Now listening on: http://localhost:5000
2026-07-31 21:31:39.343 +03:00 [INF] Application started. Press Ctrl+C to shut down.
2026-07-31 21:31:39.343 +03:00 [INF] Hosting environment: Development
2026-07-31 21:31:39.344 +03:00 [INF] Content root path: D:\Костя блендер\BackendTruePROJ\BackendTruePROJ
2026-07-31 21:31:41.895 +03:00 [INF] Request starting HTTP/1.1 POST http://cuddly-numbers-smile.loca.lt/api/Update - application/json 297
2026-07-31 21:31:41.924 +03:00 [WRN] Failed to determine the https port for redirect.
2026-07-31 21:31:41.927 +03:00 [INF] Executing endpoint 'ChatBot.Controllers.UpdateController.Post (ChatBot)'
2026-07-31 21:31:41.942 +03:00 [INF] Route matched with {action = "Post", controller = "Update"}. Executing controller action with signature System.Threading.Tasks.Task`1[Microsoft.AspNetCore.Mvc.IActionResult] Post(ChatBot.Dtos.TelegramUpdate) on controller ChatBot.Controllers.UpdateController (ChatBot).
2026-07-31 21:31:42.046 +03:00 [INF] Executing StatusCodeResult, setting HTTP status code 200
2026-07-31 21:31:42.048 +03:00 [INF] Получено сообщение от чата 5144849455:/привет
2026-07-31 21:31:42.051 +03:00 [WRN] Неизвестная команда: /привет
2026-07-31 21:31:42.054 +03:00 [INF] Executed action ChatBot.Controllers.UpdateController.Post (ChatBot) in 106.6954ms
2026-07-31 21:31:42.058 +03:00 [INF] Executed endpoint 'ChatBot.Controllers.UpdateController.Post (ChatBot)'
2026-07-31 21:31:42.065 +03:00 [INF] Request finished HTTP/1.1 POST http://cuddly-numbers-smile.loca.lt/api/Update - 200 0 null 172.5419ms
2026-07-31 21:31:42.397 +03:00 [INF] Request starting HTTP/1.1 POST http://cuddly-numbers-smile.loca.lt/api/Update - application/json 296
2026-07-31 21:31:42.402 +03:00 [INF] Executing endpoint 'ChatBot.Controllers.UpdateController.Post (ChatBot)'
2026-07-31 21:31:42.404 +03:00 [INF] Route matched with {action = "Post", controller = "Update"}. Executing controller action with signature System.Threading.Tasks.Task`1[Microsoft.AspNetCore.Mvc.IActionResult] Post(ChatBot.Dtos.TelegramUpdate) on controller ChatBot.Controllers.UpdateController (ChatBot).
2026-07-31 21:31:42.408 +03:00 [INF] Executing StatusCodeResult, setting HTTP status code 200
2026-07-31 21:31:42.410 +03:00 [INF] Executed action ChatBot.Controllers.UpdateController.Post (ChatBot) in 2.8138ms
2026-07-31 21:31:42.412 +03:00 [INF] Получено сообщение от чата 5144849455:привет
2026-07-31 21:31:42.414 +03:00 [INF] Сохранение сообщения от чата 5144849455: user
2026-07-31 21:31:42.416 +03:00 [INF] Executed endpoint 'ChatBot.Controllers.UpdateController.Post (ChatBot)'
2026-07-31 21:31:42.417 +03:00 [INF] Загрузка истории для чата 5144849455
2026-07-31 21:31:42.419 +03:00 [INF] Request finished HTTP/1.1 POST http://cuddly-numbers-smile.loca.lt/api/Update - 200 0 null 23.4142ms
2026-07-31 21:31:42.424 +03:00 [INF] Отправка запроса в Chat API
2026-07-31 21:31:42.428 +03:00 [INF] Отправка запроса к модели openrouter/hunter-alpha
2026-07-31 21:31:42.433 +03:00 [INF] Start processing HTTP request POST https://openrouter.ai/api/v1/chat/completions
2026-07-31 21:31:42.436 +03:00 [INF] Sending HTTP request POST https://openrouter.ai/api/v1/chat/completions
2026-07-31 21:31:42.654 +03:00 [INF] Сохранение сообщения от чата 5144849455: user
2026-07-31 21:31:42.656 +03:00 [INF] Загрузка истории для чата 5144849455
2026-07-31 21:31:42.656 +03:00 [INF] Отправка запроса в Chat API
2026-07-31 21:31:42.657 +03:00 [INF] Отправка запроса к модели openrouter/hunter-alpha
2026-07-31 21:31:42.657 +03:00 [INF] Start processing HTTP request POST https://openrouter.ai/api/v1/chat/completions
2026-07-31 21:31:42.658 +03:00 [INF] Sending HTTP request POST https://openrouter.ai/api/v1/chat/completions
2026-07-31 21:31:42.847 +03:00 [INF] Received HTTP response headers after 406.967ms - 401
2026-07-31 21:31:42.848 +03:00 [INF] End processing HTTP request after 416.123ms - 401
2026-07-31 21:31:42.879 +03:00 [ERR] Ошибка при вызове Chat API
System.Net.Http.HttpRequestException: Response status code does not indicate success: 401 (Unauthorized).
   at System.Net.Http.HttpResponseMessage.EnsureSuccessStatusCode()
   at ChatBot.Repositories.Implementations.HttpChatApiClient.SendMessageAsync(String userMessage, IEnumerable`1 history) in D:\Костя блендер\BackendTruePROJ\BackendTruePROJ\Repositories\Implementations\HttpChatApiClient.cs:line 41
   at ChatBot.Commands.TelegramUpdateProcessor.HandleAsync(TelegramUpdate update) in D:\Костя блендер\BackendTruePROJ\BackendTruePROJ\Commands\TelegramUpdateProcessor.cs:line 73
2026-07-31 21:31:42.978 +03:00 [INF] Received HTTP response headers after 319.0502ms - 401
2026-07-31 21:31:42.980 +03:00 [INF] End processing HTTP request after 322.2608ms - 401
2026-07-31 21:31:42.997 +03:00 [ERR] Ошибка при вызове Chat API
System.Net.Http.HttpRequestException: Response status code does not indicate success: 401 (Unauthorized).
   at System.Net.Http.HttpResponseMessage.EnsureSuccessStatusCode()
   at ChatBot.Repositories.Implementations.HttpChatApiClient.SendMessageAsync(String userMessage, IEnumerable`1 history) in D:\Костя блендер\BackendTruePROJ\BackendTruePROJ\Repositories\Implementations\HttpChatApiClient.cs:line 41
   at ChatBot.Commands.TelegramUpdateProcessor.HandleAsync(TelegramUpdate update) in D:\Костя блендер\BackendTruePROJ\BackendTruePROJ\Commands\TelegramUpdateProcessor.cs:line 73
2026-07-31 21:32:53.397 +03:00 [INF] Request starting HTTP/1.1 POST http://cuddly-numbers-smile.loca.lt/api/Update - application/json 324
2026-07-31 21:32:53.415 +03:00 [INF] Executing endpoint 'ChatBot.Controllers.UpdateController.Post (ChatBot)'
2026-07-31 21:32:53.418 +03:00 [INF] Route matched with {action = "Post", controller = "Update"}. Executing controller action with signature System.Threading.Tasks.Task`1[Microsoft.AspNetCore.Mvc.IActionResult] Post(ChatBot.Dtos.TelegramUpdate) on controller ChatBot.Controllers.UpdateController (ChatBot).
2026-07-31 21:32:53.424 +03:00 [INF] Получено сообщение от чата 5144849455:/start
2026-07-31 21:32:53.424 +03:00 [INF] Executing StatusCodeResult, setting HTTP status code 200
2026-07-31 21:32:53.429 +03:00 [INF] Executed action ChatBot.Controllers.UpdateController.Post (ChatBot) in 5.199ms
2026-07-31 21:32:53.429 +03:00 [INF] Выполняется команда /start
2026-07-31 21:32:53.438 +03:00 [INF] Executed endpoint 'ChatBot.Controllers.UpdateController.Post (ChatBot)'
2026-07-31 21:32:53.443 +03:00 [INF] Команда /start выполнена для чата 5144849455
2026-07-31 21:32:53.446 +03:00 [INF] Request finished HTTP/1.1 POST http://cuddly-numbers-smile.loca.lt/api/Update - 200 0 null 49.731ms
2026-07-31 21:33:58.512 +03:00 [INF] Request starting HTTP/1.1 POST http://cuddly-numbers-smile.loca.lt/api/Update - application/json 323
2026-07-31 21:33:58.523 +03:00 [INF] Executing endpoint 'ChatBot.Controllers.UpdateController.Post (ChatBot)'
2026-07-31 21:33:58.527 +03:00 [INF] Route matched with {action = "Post", controller = "Update"}. Executing controller action with signature System.Threading.Tasks.Task`1[Microsoft.AspNetCore.Mvc.IActionResult] Post(ChatBot.Dtos.TelegramUpdate) on controller ChatBot.Controllers.UpdateController (ChatBot).
2026-07-31 21:33:58.540 +03:00 [INF] Executing StatusCodeResult, setting HTTP status code 200
2026-07-31 21:33:58.540 +03:00 [INF] Получено сообщение от чата 5144849455:/help
2026-07-31 21:33:58.541 +03:00 [INF] Executed action ChatBot.Controllers.UpdateController.Post (ChatBot) in 0.9931ms
2026-07-31 21:33:58.541 +03:00 [INF] Выполняется команда /help
2026-07-31 21:33:58.541 +03:00 [INF] Executed endpoint 'ChatBot.Controllers.UpdateController.Post (ChatBot)'
2026-07-31 21:33:58.542 +03:00 [INF] Request finished HTTP/1.1 POST http://cuddly-numbers-smile.loca.lt/api/Update - 200 0 null 30.0882ms
2026-07-31 21:33:58.542 +03:00 [INF] Команда /help выполнена для чата 5144849455
2026-07-31 21:34:07.830 +03:00 [INF] Request starting HTTP/1.1 POST http://cuddly-numbers-smile.loca.lt/api/Update - application/json 296
2026-07-31 21:34:07.833 +03:00 [INF] Executing endpoint 'ChatBot.Controllers.UpdateController.Post (ChatBot)'
2026-07-31 21:34:07.834 +03:00 [INF] Route matched with {action = "Post", controller = "Update"}. Executing controller action with signature System.Threading.Tasks.Task`1[Microsoft.AspNetCore.Mvc.IActionResult] Post(ChatBot.Dtos.TelegramUpdate) on controller ChatBot.Controllers.UpdateController (ChatBot).
2026-07-31 21:34:07.835 +03:00 [INF] Получено сообщение от чата 5144849455:Привет
2026-07-31 21:34:07.835 +03:00 [INF] Executing StatusCodeResult, setting HTTP status code 200
2026-07-31 21:34:07.835 +03:00 [INF] Сохранение сообщения от чата 5144849455: user
2026-07-31 21:34:07.836 +03:00 [INF] Загрузка истории для чата 5144849455
2026-07-31 21:34:07.836 +03:00 [INF] Executed action ChatBot.Controllers.UpdateController.Post (ChatBot) in 1.1141ms
2026-07-31 21:34:07.837 +03:00 [INF] Отправка запроса в Chat API
2026-07-31 21:34:07.837 +03:00 [INF] Executed endpoint 'ChatBot.Controllers.UpdateController.Post (ChatBot)'
2026-07-31 21:34:07.837 +03:00 [INF] Отправка запроса к модели openrouter/hunter-alpha
2026-07-31 21:34:07.838 +03:00 [INF] Request finished HTTP/1.1 POST http://cuddly-numbers-smile.loca.lt/api/Update - 200 0 null 7.5143ms
2026-07-31 21:34:07.839 +03:00 [INF] Start processing HTTP request POST https://openrouter.ai/api/v1/chat/completions
2026-07-31 21:34:07.839 +03:00 [INF] Sending HTTP request POST https://openrouter.ai/api/v1/chat/completions
2026-07-31 21:34:08.259 +03:00 [INF] Received HTTP response headers after 419.5458ms - 401
2026-07-31 21:34:08.267 +03:00 [INF] End processing HTTP request after 429.3472ms - 401
2026-07-31 21:34:08.288 +03:00 [ERR] Ошибка при вызове Chat API
System.Net.Http.HttpRequestException: Response status code does not indicate success: 401 (Unauthorized).
   at System.Net.Http.HttpResponseMessage.EnsureSuccessStatusCode()
   at ChatBot.Repositories.Implementations.HttpChatApiClient.SendMessageAsync(String userMessage, IEnumerable`1 history) in D:\Костя блендер\BackendTruePROJ\BackendTruePROJ\Repositories\Implementations\HttpChatApiClient.cs:line 41
   at ChatBot.Commands.TelegramUpdateProcessor.HandleAsync(TelegramUpdate update) in D:\Костя блендер\BackendTruePROJ\BackendTruePROJ\Commands\TelegramUpdateProcessor.cs:line 73
2026-07-31 21:40:53.789 +03:00 [INF] Now listening on: http://localhost:5000
2026-07-31 21:40:53.835 +03:00 [INF] Application started. Press Ctrl+C to shut down.
2026-07-31 21:40:53.835 +03:00 [INF] Hosting environment: Development
2026-07-31 21:40:53.836 +03:00 [INF] Content root path: D:\Костя блендер\BackendTruePROJ\BackendTruePROJ
2026-07-31 21:41:06.443 +03:00 [INF] Request starting HTTP/1.1 POST http://chilly-suns-clap.loca.lt/api/Update - application/json 324
2026-07-31 21:41:06.473 +03:00 [WRN] Failed to determine the https port for redirect.
2026-07-31 21:41:06.479 +03:00 [INF] Executing endpoint 'ChatBot.Controllers.UpdateController.Post (ChatBot)'
2026-07-31 21:41:06.497 +03:00 [INF] Route matched with {action = "Post", controller = "Update"}. Executing controller action with signature System.Threading.Tasks.Task`1[Microsoft.AspNetCore.Mvc.IActionResult] Post(ChatBot.Dtos.TelegramUpdate) on controller ChatBot.Controllers.UpdateController (ChatBot).
2026-07-31 21:41:06.595 +03:00 [INF] Получено сообщение от чата 5144849455:/start
2026-07-31 21:41:06.595 +03:00 [INF] Executing StatusCodeResult, setting HTTP status code 200
2026-07-31 21:41:06.597 +03:00 [INF] Выполняется команда /start
2026-07-31 21:41:06.598 +03:00 [INF] Команда /start выполнена для чата 5144849455
2026-07-31 21:41:06.605 +03:00 [INF] Executed action ChatBot.Controllers.UpdateController.Post (ChatBot) in 89.9125ms
2026-07-31 21:41:06.611 +03:00 [INF] Executed endpoint 'ChatBot.Controllers.UpdateController.Post (ChatBot)'
2026-07-31 21:41:06.618 +03:00 [INF] Request finished HTTP/1.1 POST http://chilly-suns-clap.loca.lt/api/Update - 200 0 null 178.648ms
2026-07-31 21:41:13.177 +03:00 [INF] Request starting HTTP/1.1 POST http://chilly-suns-clap.loca.lt/api/Update - application/json 296
2026-07-31 21:41:13.180 +03:00 [INF] Executing endpoint 'ChatBot.Controllers.UpdateController.Post (ChatBot)'
2026-07-31 21:41:13.182 +03:00 [INF] Route matched with {action = "Post", controller = "Update"}. Executing controller action with signature System.Threading.Tasks.Task`1[Microsoft.AspNetCore.Mvc.IActionResult] Post(ChatBot.Dtos.TelegramUpdate) on controller ChatBot.Controllers.UpdateController (ChatBot).
2026-07-31 21:41:13.187 +03:00 [INF] Получено сообщение от чата 5144849455:привет
2026-07-31 21:41:13.187 +03:00 [INF] Executing StatusCodeResult, setting HTTP status code 200
2026-07-31 21:41:13.189 +03:00 [INF] Сохранение сообщения от чата 5144849455: user
2026-07-31 21:41:13.189 +03:00 [INF] Executed action ChatBot.Controllers.UpdateController.Post (ChatBot) in 3.3212ms
2026-07-31 21:41:13.190 +03:00 [INF] Executed endpoint 'ChatBot.Controllers.UpdateController.Post (ChatBot)'
2026-07-31 21:41:13.191 +03:00 [INF] Загрузка истории для чата 5144849455
2026-07-31 21:41:13.191 +03:00 [INF] Request finished HTTP/1.1 POST http://chilly-suns-clap.loca.lt/api/Update - 200 0 null 15.0452ms
2026-07-31 21:41:13.193 +03:00 [INF] Отправка запроса в Chat API
2026-07-31 21:41:13.195 +03:00 [INF] Отправка запроса к модели openrouter/hunter-alpha
2026-07-31 21:41:13.200 +03:00 [INF] Start processing HTTP request POST https://openrouter.ai/api/v1/chat/completions
2026-07-31 21:41:13.201 +03:00 [INF] Sending HTTP request POST https://openrouter.ai/api/v1/chat/completions
2026-07-31 21:41:13.624 +03:00 [INF] Received HTTP response headers after 421.0258ms - 401
2026-07-31 21:41:13.625 +03:00 [INF] End processing HTTP request after 426.1423ms - 401
2026-07-31 21:41:13.657 +03:00 [ERR] Ошибка при вызове Chat API
System.Net.Http.HttpRequestException: Response status code does not indicate success: 401 (Unauthorized).
   at System.Net.Http.HttpResponseMessage.EnsureSuccessStatusCode()
   at ChatBot.Repositories.Implementations.HttpChatApiClient.SendMessageAsync(String userMessage, IEnumerable`1 history) in D:\Костя блендер\BackendTruePROJ\BackendTruePROJ\Repositories\Implementations\HttpChatApiClient.cs:line 41
   at ChatBot.Commands.TelegramUpdateProcessor.HandleAsync(TelegramUpdate update) in D:\Костя блендер\BackendTruePROJ\BackendTruePROJ\Commands\TelegramUpdateProcessor.cs:line 73
2026-07-31 21:48:55.550 +03:00 [INF] Now listening on: http://localhost:5000
2026-07-31 21:48:55.595 +03:00 [INF] Application started. Press Ctrl+C to shut down.
2026-07-31 21:48:55.595 +03:00 [INF] Hosting environment: Development
2026-07-31 21:48:55.596 +03:00 [INF] Content root path: D:\Костя блендер\BackendTruePROJ\BackendTruePROJ
2026-07-31 21:49:10.369 +03:00 [INF] Request starting HTTP/1.1 POST http://angry-llamas-cross.loca.lt/api/Update - application/json 323
2026-07-31 21:49:10.396 +03:00 [WRN] Failed to determine the https port for redirect.
2026-07-31 21:49:10.398 +03:00 [INF] Executing endpoint 'ChatBot.Controllers.UpdateController.Post (ChatBot)'
2026-07-31 21:49:10.419 +03:00 [INF] Route matched with {action = "Post", controller = "Update"}. Executing controller action with signature System.Threading.Tasks.Task`1[Microsoft.AspNetCore.Mvc.IActionResult] Post(ChatBot.Dtos.TelegramUpdate) on controller ChatBot.Controllers.UpdateController (ChatBot).
2026-07-31 21:49:10.432 +03:00 [INF] Программа использует ключ: ''
2026-07-31 21:49:10.434 +03:00 [INF] Программа использует ключ: ''
2026-07-31 21:49:10.560 +03:00 [INF] Получено сообщение от чата 5144849455:/help
2026-07-31 21:49:10.564 +03:00 [INF] Executing StatusCodeResult, setting HTTP status code 200
2026-07-31 21:49:10.566 +03:00 [INF] Выполняется команда /help
2026-07-31 21:49:10.570 +03:00 [INF] Команда /help выполнена для чата 5144849455
2026-07-31 21:49:10.571 +03:00 [INF] Executed action ChatBot.Controllers.UpdateController.Post (ChatBot) in 145.6157ms
2026-07-31 21:49:10.574 +03:00 [INF] Executed endpoint 'ChatBot.Controllers.UpdateController.Post (ChatBot)'
2026-07-31 21:49:10.580 +03:00 [INF] Request finished HTTP/1.1 POST http://angry-llamas-cross.loca.lt/api/Update - 200 0 null 214.6171ms
2026-07-31 21:49:18.671 +03:00 [INF] Request starting HTTP/1.1 POST http://angry-llamas-cross.loca.lt/api/Update - application/json 324
2026-07-31 21:49:18.682 +03:00 [INF] Executing endpoint 'ChatBot.Controllers.UpdateController.Post (ChatBot)'
2026-07-31 21:49:18.686 +03:00 [INF] Route matched with {action = "Post", controller = "Update"}. Executing controller action with signature System.Threading.Tasks.Task`1[Microsoft.AspNetCore.Mvc.IActionResult] Post(ChatBot.Dtos.TelegramUpdate) on controller ChatBot.Controllers.UpdateController (ChatBot).
2026-07-31 21:49:18.690 +03:00 [INF] Executing StatusCodeResult, setting HTTP status code 200
2026-07-31 21:49:18.692 +03:00 [INF] Получено сообщение от чата 5144849455:/start
2026-07-31 21:49:18.693 +03:00 [INF] Выполняется команда /start
2026-07-31 21:49:18.695 +03:00 [INF] Executed action ChatBot.Controllers.UpdateController.Post (ChatBot) in 5.881ms
2026-07-31 21:49:18.697 +03:00 [INF] Executed endpoint 'ChatBot.Controllers.UpdateController.Post (ChatBot)'
2026-07-31 21:49:18.698 +03:00 [INF] Команда /start выполнена для чата 5144849455
2026-07-31 21:49:18.698 +03:00 [INF] Request finished HTTP/1.1 POST http://angry-llamas-cross.loca.lt/api/Update - 200 0 null 29.4973ms
2026-07-31 21:49:25.147 +03:00 [INF] Request starting HTTP/1.1 POST http://angry-llamas-cross.loca.lt/api/Update - application/json 296
2026-07-31 21:49:25.155 +03:00 [INF] Executing endpoint 'ChatBot.Controllers.UpdateController.Post (ChatBot)'
2026-07-31 21:49:25.156 +03:00 [INF] Route matched with {action = "Post", controller = "Update"}. Executing controller action with signature System.Threading.Tasks.Task`1[Microsoft.AspNetCore.Mvc.IActionResult] Post(ChatBot.Dtos.TelegramUpdate) on controller ChatBot.Controllers.UpdateController (ChatBot).
2026-07-31 21:49:25.158 +03:00 [INF] Получено сообщение от чата 5144849455:привет
2026-07-31 21:49:25.158 +03:00 [INF] Executing StatusCodeResult, setting HTTP status code 200
2026-07-31 21:49:25.160 +03:00 [INF] Executed action ChatBot.Controllers.UpdateController.Post (ChatBot) in 1.7697ms
2026-07-31 21:49:25.160 +03:00 [INF] Executed endpoint 'ChatBot.Controllers.UpdateController.Post (ChatBot)'
2026-07-31 21:49:25.160 +03:00 [INF] Сохранение сообщения от чата 5144849455: user
2026-07-31 21:49:25.161 +03:00 [INF] Request finished HTTP/1.1 POST http://angry-llamas-cross.loca.lt/api/Update - 200 0 null 14.3536ms
2026-07-31 21:49:25.163 +03:00 [INF] Загрузка истории для чата 5144849455
2026-07-31 21:49:25.163 +03:00 [INF] Отправка запроса в Chat API
2026-07-31 21:49:25.166 +03:00 [INF] Отправка запроса к модели openrouter/hunter-alpha
2026-07-31 21:49:25.170 +03:00 [INF] Start processing HTTP request POST https://openrouter.ai/api/v1/chat/completions
2026-07-31 21:49:25.171 +03:00 [INF] Sending HTTP request POST https://openrouter.ai/api/v1/chat/completions
2026-07-31 21:49:25.597 +03:00 [INF] Received HTTP response headers after 424.148ms - 401
2026-07-31 21:49:25.602 +03:00 [INF] End processing HTTP request after 433.0846ms - 401
2026-07-31 21:49:25.636 +03:00 [ERR] Ошибка при вызове Chat API
System.Net.Http.HttpRequestException: Response status code does not indicate success: 401 (Unauthorized).
   at System.Net.Http.HttpResponseMessage.EnsureSuccessStatusCode()
   at ChatBot.Repositories.Implementations.HttpChatApiClient.SendMessageAsync(String userMessage, IEnumerable`1 history) in D:\Костя блендер\BackendTruePROJ\BackendTruePROJ\Repositories\Implementations\HttpChatApiClient.cs:line 40
   at ChatBot.Commands.TelegramUpdateProcessor.HandleAsync(TelegramUpdate update) in D:\Костя блендер\BackendTruePROJ\BackendTruePROJ\Commands\TelegramUpdateProcessor.cs:line 73
2026-07-31 21:59:21.845 +03:00 [INF] Now listening on: http://localhost:5000
2026-07-31 21:59:21.890 +03:00 [INF] Application started. Press Ctrl+C to shut down.
2026-07-31 21:59:21.890 +03:00 [INF] Hosting environment: Development
2026-07-31 21:59:21.891 +03:00 [INF] Content root path: D:\Костя блендер\BackendTruePROJ\BackendTruePROJ
2026-07-31 22:00:41.357 +03:00 [INF] Request starting HTTP/1.1 POST http://twelve-crabs-tease.loca.lt/api/Update - application/json 324
2026-07-31 22:00:41.378 +03:00 [WRN] Failed to determine the https port for redirect.
2026-07-31 22:00:41.380 +03:00 [INF] Executing endpoint 'ChatBot.Controllers.UpdateController.Post (ChatBot)'
2026-07-31 22:00:41.392 +03:00 [INF] Route matched with {action = "Post", controller = "Update"}. Executing controller action with signature System.Threading.Tasks.Task`1[Microsoft.AspNetCore.Mvc.IActionResult] Post(ChatBot.Dtos.TelegramUpdate) on controller ChatBot.Controllers.UpdateController (ChatBot).
2026-07-31 22:00:41.411 +03:00 [INF] Программа использует ключ: ''
2026-07-31 22:00:41.416 +03:00 [INF] Программа использует ключ: ''
2026-07-31 22:00:41.497 +03:00 [INF] Получено сообщение от чата 5144849455:/start
2026-07-31 22:00:41.497 +03:00 [INF] Executing StatusCodeResult, setting HTTP status code 200
2026-07-31 22:00:41.512 +03:00 [INF] Выполняется команда /start
2026-07-31 22:00:41.518 +03:00 [INF] Команда /start выполнена для чата 5144849455
2026-07-31 22:00:41.523 +03:00 [INF] Executed action ChatBot.Controllers.UpdateController.Post (ChatBot) in 114.1129ms
2026-07-31 22:00:41.529 +03:00 [INF] Executed endpoint 'ChatBot.Controllers.UpdateController.Post (ChatBot)'
2026-07-31 22:00:41.535 +03:00 [INF] Request finished HTTP/1.1 POST http://twelve-crabs-tease.loca.lt/api/Update - 200 0 null 181.5225ms
2026-07-31 22:01:27.135 +03:00 [INF] Request starting HTTP/1.1 POST http://twelve-crabs-tease.loca.lt/api/Update - application/json 296
2026-07-31 22:01:27.141 +03:00 [INF] Executing endpoint 'ChatBot.Controllers.UpdateController.Post (ChatBot)'
2026-07-31 22:01:27.141 +03:00 [INF] Route matched with {action = "Post", controller = "Update"}. Executing controller action with signature System.Threading.Tasks.Task`1[Microsoft.AspNetCore.Mvc.IActionResult] Post(ChatBot.Dtos.TelegramUpdate) on controller ChatBot.Controllers.UpdateController (ChatBot).
2026-07-31 22:01:27.143 +03:00 [INF] Получено сообщение от чата 5144849455:Привет
2026-07-31 22:01:27.145 +03:00 [INF] Executing StatusCodeResult, setting HTTP status code 200
2026-07-31 22:01:27.146 +03:00 [INF] Сохранение сообщения от чата 5144849455: user
2026-07-31 22:01:27.147 +03:00 [INF] Executed action ChatBot.Controllers.UpdateController.Post (ChatBot) in 3.9312ms
2026-07-31 22:01:27.148 +03:00 [INF] Загрузка истории для чата 5144849455
2026-07-31 22:01:27.148 +03:00 [INF] Executed endpoint 'ChatBot.Controllers.UpdateController.Post (ChatBot)'
2026-07-31 22:01:27.150 +03:00 [INF] Отправка запроса в Chat API
2026-07-31 22:01:27.151 +03:00 [INF] Request finished HTTP/1.1 POST http://twelve-crabs-tease.loca.lt/api/Update - 200 0 null 17.22ms
2026-07-31 22:01:27.153 +03:00 [INF] Отправка запроса к модели openrouter/hunter-alpha
2026-07-31 22:01:27.158 +03:00 [INF] Start processing HTTP request POST https://openrouter.ai/api/v1/chat/completions
2026-07-31 22:01:27.159 +03:00 [INF] Sending HTTP request POST https://openrouter.ai/api/v1/chat/completions
2026-07-31 22:01:27.582 +03:00 [INF] Received HTTP response headers after 420.6744ms - 401
2026-07-31 22:01:27.584 +03:00 [INF] End processing HTTP request after 426.7388ms - 401
2026-07-31 22:01:27.613 +03:00 [ERR] Ошибка при вызове Chat API
System.Net.Http.HttpRequestException: Response status code does not indicate success: 401 (Unauthorized).
   at System.Net.Http.HttpResponseMessage.EnsureSuccessStatusCode()
   at ChatBot.Repositories.Implementations.HttpChatApiClient.SendMessageAsync(String userMessage, IEnumerable`1 history) in D:\Костя блендер\BackendTruePROJ\BackendTruePROJ\Repositories\Implementations\HttpChatApiClient.cs:line 42
   at ChatBot.Commands.TelegramUpdateProcessor.HandleAsync(TelegramUpdate update) in D:\Костя блендер\BackendTruePROJ\BackendTruePROJ\Commands\TelegramUpdateProcessor.cs:line 73
2026-07-31 22:02:45.983 +03:00 [INF] Request starting HTTP/1.1 POST http://twelve-crabs-tease.loca.lt/api/Update - application/json 323
2026-07-31 22:02:45.991 +03:00 [INF] Executing endpoint 'ChatBot.Controllers.UpdateController.Post (ChatBot)'
2026-07-31 22:02:45.992 +03:00 [INF] Route matched with {action = "Post", controller = "Update"}. Executing controller action with signature System.Threading.Tasks.Task`1[Microsoft.AspNetCore.Mvc.IActionResult] Post(ChatBot.Dtos.TelegramUpdate) on controller ChatBot.Controllers.UpdateController (ChatBot).
2026-07-31 22:02:45.994 +03:00 [INF] Получено сообщение от чата 5144849455:/joke
2026-07-31 22:02:45.994 +03:00 [INF] Executing StatusCodeResult, setting HTTP status code 200
2026-07-31 22:02:45.996 +03:00 [INF] Выполняется команда /joke
2026-07-31 22:02:45.996 +03:00 [INF] Executed action ChatBot.Controllers.UpdateController.Post (ChatBot) in 1.8634ms
2026-07-31 22:02:45.997 +03:00 [INF] Executed endpoint 'ChatBot.Controllers.UpdateController.Post (ChatBot)'
2026-07-31 22:02:45.998 +03:00 [INF] Request finished HTTP/1.1 POST http://twelve-crabs-tease.loca.lt/api/Update - 200 0 null 14.803ms
2026-07-31 22:03:49.468 +03:00 [INF] Request starting HTTP/1.1 POST http://twelve-crabs-tease.loca.lt/api/Update - application/json 446
2026-07-31 22:03:49.476 +03:00 [INF] Executing endpoint 'ChatBot.Controllers.UpdateController.Post (ChatBot)'
2026-07-31 22:03:49.477 +03:00 [INF] Route matched with {action = "Post", controller = "Update"}. Executing controller action with signature System.Threading.Tasks.Task`1[Microsoft.AspNetCore.Mvc.IActionResult] Post(ChatBot.Dtos.TelegramUpdate) on controller ChatBot.Controllers.UpdateController (ChatBot).
2026-07-31 22:03:49.478 +03:00 [INF] Получено сообщение от чата 5144849455:Почему ты не хочешь со мной говорить
2026-07-31 22:03:49.478 +03:00 [INF] Сохранение сообщения от чата 5144849455: user
2026-07-31 22:03:49.478 +03:00 [INF] Executing StatusCodeResult, setting HTTP status code 200
2026-07-31 22:03:49.479 +03:00 [INF] Загрузка истории для чата 5144849455
2026-07-31 22:03:49.479 +03:00 [INF] Отправка запроса в Chat API
2026-07-31 22:03:49.479 +03:00 [INF] Executed action ChatBot.Controllers.UpdateController.Post (ChatBot) in 1.5222ms
2026-07-31 22:03:49.480 +03:00 [INF] Отправка запроса к модели openrouter/hunter-alpha
2026-07-31 22:03:49.481 +03:00 [INF] Executed endpoint 'ChatBot.Controllers.UpdateController.Post (ChatBot)'
2026-07-31 22:03:49.481 +03:00 [INF] Start processing HTTP request POST https://openrouter.ai/api/v1/chat/completions
2026-07-31 22:03:49.483 +03:00 [INF] Sending HTTP request POST https://openrouter.ai/api/v1/chat/completions
2026-07-31 22:03:49.483 +03:00 [INF] Request finished HTTP/1.1 POST http://twelve-crabs-tease.loca.lt/api/Update - 200 0 null 14.746ms
2026-07-31 22:03:49.920 +03:00 [INF] Received HTTP response headers after 437.3195ms - 401
2026-07-31 22:03:49.922 +03:00 [INF] End processing HTTP request after 441.1371ms - 401
2026-07-31 22:03:49.945 +03:00 [ERR] Ошибка при вызове Chat API
System.Net.Http.HttpRequestException: Response status code does not indicate success: 401 (Unauthorized).
   at System.Net.Http.HttpResponseMessage.EnsureSuccessStatusCode()
   at ChatBot.Repositories.Implementations.HttpChatApiClient.SendMessageAsync(String userMessage, IEnumerable`1 history) in D:\Костя блендер\BackendTruePROJ\BackendTruePROJ\Repositories\Implementations\HttpChatApiClient.cs:line 42
   at ChatBot.Commands.TelegramUpdateProcessor.HandleAsync(TelegramUpdate update) in D:\Костя блендер\BackendTruePROJ\BackendTruePROJ\Commands\TelegramUpdateProcessor.cs:line 73
2026-07-31 22:14:16.060 +03:00 [INF] Now listening on: http://localhost:5000
2026-07-31 22:14:16.103 +03:00 [INF] Application started. Press Ctrl+C to shut down.
2026-07-31 22:14:16.104 +03:00 [INF] Hosting environment: Development
2026-07-31 22:14:16.104 +03:00 [INF] Content root path: D:\Костя блендер\BackendTruePROJ\BackendTruePROJ
2026-07-31 22:14:30.796 +03:00 [INF] Request starting HTTP/1.1 POST http://angry-ravens-lead.loca.lt/api/Update - application/json 324
2026-07-31 22:14:30.817 +03:00 [WRN] Failed to determine the https port for redirect.
2026-07-31 22:14:30.819 +03:00 [INF] Executing endpoint 'ChatBot.Controllers.UpdateController.Post (ChatBot)'
2026-07-31 22:14:30.831 +03:00 [INF] Route matched with {action = "Post", controller = "Update"}. Executing controller action with signature System.Threading.Tasks.Task`1[Microsoft.AspNetCore.Mvc.IActionResult] Post(ChatBot.Dtos.TelegramUpdate) on controller ChatBot.Controllers.UpdateController (ChatBot).
2026-07-31 22:14:30.918 +03:00 [INF] Получено сообщение от чата 5144849455:/start
2026-07-31 22:14:30.918 +03:00 [INF] Executing StatusCodeResult, setting HTTP status code 200
2026-07-31 22:14:30.919 +03:00 [INF] Выполняется команда /start
2026-07-31 22:14:30.920 +03:00 [INF] Команда /start выполнена для чата 5144849455
2026-07-31 22:14:30.921 +03:00 [INF] Executed action ChatBot.Controllers.UpdateController.Post (ChatBot) in 87.9206ms
2026-07-31 22:14:30.924 +03:00 [INF] Executed endpoint 'ChatBot.Controllers.UpdateController.Post (ChatBot)'
2026-07-31 22:14:30.926 +03:00 [INF] Request finished HTTP/1.1 POST http://angry-ravens-lead.loca.lt/api/Update - 200 0 null 132.5454ms
2026-07-31 22:14:35.824 +03:00 [INF] Request starting HTTP/1.1 POST http://angry-ravens-lead.loca.lt/api/Update - application/json 323
2026-07-31 22:14:35.825 +03:00 [INF] Executing endpoint 'ChatBot.Controllers.UpdateController.Post (ChatBot)'
2026-07-31 22:14:35.826 +03:00 [INF] Route matched with {action = "Post", controller = "Update"}. Executing controller action with signature System.Threading.Tasks.Task`1[Microsoft.AspNetCore.Mvc.IActionResult] Post(ChatBot.Dtos.TelegramUpdate) on controller ChatBot.Controllers.UpdateController (ChatBot).
2026-07-31 22:14:35.827 +03:00 [INF] Получено сообщение от чата 5144849455:/joke
2026-07-31 22:14:35.828 +03:00 [INF] Executing StatusCodeResult, setting HTTP status code 200
2026-07-31 22:14:35.828 +03:00 [INF] Выполняется команда /joke
2026-07-31 22:14:35.829 +03:00 [INF] Executed action ChatBot.Controllers.UpdateController.Post (ChatBot) in 1.9617ms
2026-07-31 22:14:35.829 +03:00 [INF] Executed endpoint 'ChatBot.Controllers.UpdateController.Post (ChatBot)'
2026-07-31 22:14:35.830 +03:00 [INF] Request finished HTTP/1.1 POST http://angry-ravens-lead.loca.lt/api/Update - 200 0 null 6.5559ms
2026-07-31 22:14:46.006 +03:00 [INF] Request starting HTTP/1.1 POST http://angry-ravens-lead.loca.lt/api/Update - application/json 296
2026-07-31 22:14:46.008 +03:00 [INF] Executing endpoint 'ChatBot.Controllers.UpdateController.Post (ChatBot)'
2026-07-31 22:14:46.008 +03:00 [INF] Route matched with {action = "Post", controller = "Update"}. Executing controller action with signature System.Threading.Tasks.Task`1[Microsoft.AspNetCore.Mvc.IActionResult] Post(ChatBot.Dtos.TelegramUpdate) on controller ChatBot.Controllers.UpdateController (ChatBot).
2026-07-31 22:14:46.009 +03:00 [INF] Получено сообщение от чата 5144849455:привет
2026-07-31 22:14:46.009 +03:00 [INF] Executing StatusCodeResult, setting HTTP status code 200
2026-07-31 22:14:46.010 +03:00 [INF] Executed action ChatBot.Controllers.UpdateController.Post (ChatBot) in 1.1126ms
2026-07-31 22:14:46.010 +03:00 [INF] Executed endpoint 'ChatBot.Controllers.UpdateController.Post (ChatBot)'
2026-07-31 22:14:46.010 +03:00 [INF] Сохранение сообщения от чата 5144849455: user
2026-07-31 22:14:46.012 +03:00 [INF] Request finished HTTP/1.1 POST http://angry-ravens-lead.loca.lt/api/Update - 200 0 null 6.4808ms
2026-07-31 22:14:46.013 +03:00 [INF] Загрузка истории для чата 5144849455
2026-07-31 22:14:46.014 +03:00 [INF] Отправка запроса в Chat API
2026-07-31 22:14:46.017 +03:00 [INF] Отправка запроса к модели openrouter/hunter-alpha
2026-07-31 22:14:46.021 +03:00 [INF] Start processing HTTP request POST https://openrouter.ai/api/v1/chat/completions
2026-07-31 22:14:46.022 +03:00 [INF] Sending HTTP request POST https://openrouter.ai/api/v1/chat/completions
2026-07-31 22:14:46.471 +03:00 [INF] Received HTTP response headers after 447.9029ms - 401
2026-07-31 22:14:46.473 +03:00 [INF] End processing HTTP request after 452.9571ms - 401
2026-07-31 22:14:46.502 +03:00 [ERR] Ошибка при вызове Chat API
System.Net.Http.HttpRequestException: Response status code does not indicate success: 401 (Unauthorized).
   at System.Net.Http.HttpResponseMessage.EnsureSuccessStatusCode()
   at ChatBot.Repositories.Implementations.HttpChatApiClient.SendMessageAsync(String userMessage, IEnumerable`1 history) in D:\Костя блендер\BackendTruePROJ\BackendTruePROJ\Repositories\Implementations\HttpChatApiClient.cs:line 38
   at ChatBot.Commands.TelegramUpdateProcessor.HandleAsync(TelegramUpdate update) in D:\Костя блендер\BackendTruePROJ\BackendTruePROJ\Commands\TelegramUpdateProcessor.cs:line 73
2026-07-31 22:27:49.337 +03:00 [INF] Now listening on: http://localhost:5000
2026-07-31 22:27:49.384 +03:00 [INF] Application started. Press Ctrl+C to shut down.
2026-07-31 22:27:49.385 +03:00 [INF] Hosting environment: Development
2026-07-31 22:27:49.385 +03:00 [INF] Content root path: D:\Костя блендер\BackendTruePROJ\BackendTruePROJ
2026-07-31 22:28:07.947 +03:00 [INF] Request starting HTTP/1.1 POST http://small-dogs-roll.loca.lt/api/Update - application/json 324
2026-07-31 22:28:07.967 +03:00 [WRN] Failed to determine the https port for redirect.
2026-07-31 22:28:07.969 +03:00 [INF] Executing endpoint 'ChatBot.Controllers.UpdateController.Post (ChatBot)'
2026-07-31 22:28:07.980 +03:00 [INF] Route matched with {action = "Post", controller = "Update"}. Executing controller action with signature System.Threading.Tasks.Task`1[Microsoft.AspNetCore.Mvc.IActionResult] Post(ChatBot.Dtos.TelegramUpdate) on controller ChatBot.Controllers.UpdateController (ChatBot).
2026-07-31 22:28:08.064 +03:00 [INF] Получено сообщение от чата 5144849455:/start
2026-07-31 22:28:08.064 +03:00 [INF] Executing StatusCodeResult, setting HTTP status code 200
2026-07-31 22:28:08.065 +03:00 [INF] Выполняется команда /start
2026-07-31 22:28:08.066 +03:00 [INF] Команда /start выполнена для чата 5144849455
2026-07-31 22:28:08.067 +03:00 [INF] Executed action ChatBot.Controllers.UpdateController.Post (ChatBot) in 84.1758ms
2026-07-31 22:28:08.068 +03:00 [INF] Executed endpoint 'ChatBot.Controllers.UpdateController.Post (ChatBot)'
2026-07-31 22:28:08.070 +03:00 [INF] Request finished HTTP/1.1 POST http://small-dogs-roll.loca.lt/api/Update - 200 0 null 125.8792ms
2026-07-31 22:28:13.027 +03:00 [INF] Request starting HTTP/1.1 POST http://small-dogs-roll.loca.lt/api/Update - application/json 296
2026-07-31 22:28:13.034 +03:00 [INF] Executing endpoint 'ChatBot.Controllers.UpdateController.Post (ChatBot)'
2026-07-31 22:28:13.035 +03:00 [INF] Route matched with {action = "Post", controller = "Update"}. Executing controller action with signature System.Threading.Tasks.Task`1[Microsoft.AspNetCore.Mvc.IActionResult] Post(ChatBot.Dtos.TelegramUpdate) on controller ChatBot.Controllers.UpdateController (ChatBot).
2026-07-31 22:28:13.036 +03:00 [INF] Получено сообщение от чата 5144849455:привет
2026-07-31 22:28:13.037 +03:00 [INF] Executing StatusCodeResult, setting HTTP status code 200
2026-07-31 22:28:13.037 +03:00 [INF] Executed action ChatBot.Controllers.UpdateController.Post (ChatBot) in 1.6785ms
2026-07-31 22:28:13.037 +03:00 [INF] Сохранение сообщения от чата 5144849455: user
2026-07-31 22:28:13.038 +03:00 [INF] Executed endpoint 'ChatBot.Controllers.UpdateController.Post (ChatBot)'
2026-07-31 22:28:13.039 +03:00 [INF] Request finished HTTP/1.1 POST http://small-dogs-roll.loca.lt/api/Update - 200 0 null 13.5319ms
2026-07-31 22:28:13.040 +03:00 [INF] Загрузка истории для чата 5144849455
2026-07-31 22:28:13.041 +03:00 [INF] Отправка запроса в Chat API
2026-07-31 22:28:13.044 +03:00 [INF] Отправка запроса к модели openrouter/hunter-alpha
2026-07-31 22:28:13.048 +03:00 [INF] Start processing HTTP request POST https://openrouter.ai/api/v1/chat/completions
2026-07-31 22:28:13.049 +03:00 [INF] Sending HTTP request POST https://openrouter.ai/api/v1/chat/completions
2026-07-31 22:28:13.479 +03:00 [INF] Received HTTP response headers after 428.0641ms - 401
2026-07-31 22:28:13.480 +03:00 [INF] End processing HTTP request after 433.1336ms - 401
2026-07-31 22:28:13.510 +03:00 [ERR] Ошибка при вызове Chat API
System.Net.Http.HttpRequestException: Response status code does not indicate success: 401 (Unauthorized).
   at System.Net.Http.HttpResponseMessage.EnsureSuccessStatusCode()
   at ChatBot.Repositories.Implementations.HttpChatApiClient.SendMessageAsync(String userMessage, IEnumerable`1 history) in D:\Костя блендер\BackendTruePROJ\BackendTruePROJ\Repositories\Implementations\HttpChatApiClient.cs:line 38
   at ChatBot.Commands.TelegramUpdateProcessor.HandleAsync(TelegramUpdate update) in D:\Костя блендер\BackendTruePROJ\BackendTruePROJ\Commands\TelegramUpdateProcessor.cs:line 73
2026-07-31 22:36:40.470 +03:00 [INF] Now listening on: http://localhost:5000
2026-07-31 22:36:40.515 +03:00 [INF] Application started. Press Ctrl+C to shut down.
2026-07-31 22:36:40.515 +03:00 [INF] Hosting environment: Development
2026-07-31 22:36:40.516 +03:00 [INF] Content root path: D:\Костя блендер\BackendTruePROJ\BackendTruePROJ
2026-07-31 22:36:48.431 +03:00 [INF] Request starting HTTP/1.1 POST http://curvy-bobcats-switch.loca.lt/api/Update - application/json 324
2026-07-31 22:36:48.452 +03:00 [WRN] Failed to determine the https port for redirect.
2026-07-31 22:36:48.455 +03:00 [INF] Executing endpoint 'ChatBot.Controllers.UpdateController.Post (ChatBot)'
2026-07-31 22:36:48.466 +03:00 [INF] Route matched with {action = "Post", controller = "Update"}. Executing controller action with signature System.Threading.Tasks.Task`1[Microsoft.AspNetCore.Mvc.IActionResult] Post(ChatBot.Dtos.TelegramUpdate) on controller ChatBot.Controllers.UpdateController (ChatBot).
2026-07-31 22:36:48.554 +03:00 [INF] Получено сообщение от чата 5144849455:/start
2026-07-31 22:36:48.555 +03:00 [INF] Executing StatusCodeResult, setting HTTP status code 200
2026-07-31 22:36:48.556 +03:00 [INF] Выполняется команда /start
2026-07-31 22:36:48.556 +03:00 [INF] Команда /start выполнена для чата 5144849455
2026-07-31 22:36:48.558 +03:00 [INF] Executed action ChatBot.Controllers.UpdateController.Post (ChatBot) in 89.0348ms
2026-07-31 22:36:48.559 +03:00 [INF] Executed endpoint 'ChatBot.Controllers.UpdateController.Post (ChatBot)'
2026-07-31 22:36:48.561 +03:00 [INF] Request finished HTTP/1.1 POST http://curvy-bobcats-switch.loca.lt/api/Update - 200 0 null 132.7174ms
2026-07-31 22:36:55.505 +03:00 [INF] Request starting HTTP/1.1 POST http://curvy-bobcats-switch.loca.lt/api/Update - application/json 296
2026-07-31 22:36:55.507 +03:00 [INF] Executing endpoint 'ChatBot.Controllers.UpdateController.Post (ChatBot)'
2026-07-31 22:36:55.508 +03:00 [INF] Route matched with {action = "Post", controller = "Update"}. Executing controller action with signature System.Threading.Tasks.Task`1[Microsoft.AspNetCore.Mvc.IActionResult] Post(ChatBot.Dtos.TelegramUpdate) on controller ChatBot.Controllers.UpdateController (ChatBot).
2026-07-31 22:36:55.509 +03:00 [INF] Получено сообщение от чата 5144849455:привет
2026-07-31 22:36:55.510 +03:00 [INF] Executing StatusCodeResult, setting HTTP status code 200
2026-07-31 22:36:55.510 +03:00 [INF] Executed action ChatBot.Controllers.UpdateController.Post (ChatBot) in 1.5503ms
2026-07-31 22:36:55.510 +03:00 [INF] Executed endpoint 'ChatBot.Controllers.UpdateController.Post (ChatBot)'
2026-07-31 22:36:55.510 +03:00 [INF] Сохранение сообщения от чата 5144849455: user
2026-07-31 22:36:55.511 +03:00 [INF] Request finished HTTP/1.1 POST http://curvy-bobcats-switch.loca.lt/api/Update - 200 0 null 6.9819ms
2026-07-31 22:36:55.513 +03:00 [INF] Загрузка истории для чата 5144849455
2026-07-31 22:36:55.513 +03:00 [INF] Отправка запроса в Chat API
2026-07-31 22:36:55.516 +03:00 [INF] Отправка запроса к модели openrouter/hunter-alpha
2026-07-31 22:36:55.520 +03:00 [INF] Start processing HTTP request POST https://openrouter.ai/api/v1/chat/completions
2026-07-31 22:36:55.521 +03:00 [INF] Sending HTTP request POST https://openrouter.ai/api/v1/chat/completions
2026-07-31 22:36:55.979 +03:00 [INF] Received HTTP response headers after 456.1521ms - 401
2026-07-31 22:36:55.980 +03:00 [INF] End processing HTTP request after 461.1842ms - 401
2026-07-31 22:36:56.011 +03:00 [ERR] Ошибка при вызове Chat API
System.Net.Http.HttpRequestException: Response status code does not indicate success: 401 (Unauthorized).
   at System.Net.Http.HttpResponseMessage.EnsureSuccessStatusCode()
   at ChatBot.Repositories.Implementations.HttpChatApiClient.SendMessageAsync(String userMessage, IEnumerable`1 history) in D:\Костя блендер\BackendTruePROJ\BackendTruePROJ\Repositories\Implementations\HttpChatApiClient.cs:line 41
   at ChatBot.Commands.TelegramUpdateProcessor.HandleAsync(TelegramUpdate update) in D:\Костя блендер\BackendTruePROJ\BackendTruePROJ\Commands\TelegramUpdateProcessor.cs:line 73
2026-07-31 22:43:13.145 +03:00 [INF] Request starting HTTP/1.1 POST http://curvy-bobcats-switch.loca.lt/api/Update - application/json 346
2026-07-31 22:43:13.154 +03:00 [INF] Executing endpoint 'ChatBot.Controllers.UpdateController.Post (ChatBot)'
2026-07-31 22:43:13.155 +03:00 [INF] Route matched with {action = "Post", controller = "Update"}. Executing controller action with signature System.Threading.Tasks.Task`1[Microsoft.AspNetCore.Mvc.IActionResult] Post(ChatBot.Dtos.TelegramUpdate) on controller ChatBot.Controllers.UpdateController (ChatBot).
2026-07-31 22:43:13.156 +03:00 [INF] Executing StatusCodeResult, setting HTTP status code 200
2026-07-31 22:43:13.157 +03:00 [INF] Получено сообщение от чата 5144849455:поговори со мной
2026-07-31 22:43:13.158 +03:00 [INF] Executed action ChatBot.Controllers.UpdateController.Post (ChatBot) in 1.3009ms
2026-07-31 22:43:13.159 +03:00 [INF] Сохранение сообщения от чата 5144849455: user
2026-07-31 22:43:13.159 +03:00 [INF] Executed endpoint 'ChatBot.Controllers.UpdateController.Post (ChatBot)'
2026-07-31 22:43:13.159 +03:00 [INF] Загрузка истории для чата 5144849455
2026-07-31 22:43:13.160 +03:00 [INF] Отправка запроса в Chat API
2026-07-31 22:43:13.161 +03:00 [INF] Отправка запроса к модели openrouter/hunter-alpha
2026-07-31 22:43:13.161 +03:00 [INF] Request finished HTTP/1.1 POST http://curvy-bobcats-switch.loca.lt/api/Update - 200 0 null 14.8652ms
2026-07-31 22:43:13.162 +03:00 [INF] Start processing HTTP request POST https://openrouter.ai/api/v1/chat/completions
2026-07-31 22:43:13.163 +03:00 [INF] Sending HTTP request POST https://openrouter.ai/api/v1/chat/completions
2026-07-31 22:43:13.489 +03:00 [INF] Request starting HTTP/1.1 POST http://curvy-bobcats-switch.loca.lt/api/Update - application/json 324
2026-07-31 22:43:13.493 +03:00 [INF] Executing endpoint 'ChatBot.Controllers.UpdateController.Post (ChatBot)'
2026-07-31 22:43:13.494 +03:00 [INF] Route matched with {action = "Post", controller = "Update"}. Executing controller action with signature System.Threading.Tasks.Task`1[Microsoft.AspNetCore.Mvc.IActionResult] Post(ChatBot.Dtos.TelegramUpdate) on controller ChatBot.Controllers.UpdateController (ChatBot).
2026-07-31 22:43:13.496 +03:00 [INF] Получено сообщение от чата 5144849455:/start
2026-07-31 22:43:13.496 +03:00 [INF] Executing StatusCodeResult, setting HTTP status code 200
2026-07-31 22:43:13.498 +03:00 [INF] Выполняется команда /start
2026-07-31 22:43:13.498 +03:00 [INF] Команда /start выполнена для чата 5144849455
2026-07-31 22:43:13.499 +03:00 [INF] Executed action ChatBot.Controllers.UpdateController.Post (ChatBot) in 2.118ms
2026-07-31 22:43:13.500 +03:00 [INF] Executed endpoint 'ChatBot.Controllers.UpdateController.Post (ChatBot)'
2026-07-31 22:43:13.501 +03:00 [INF] Request finished HTTP/1.1 POST http://curvy-bobcats-switch.loca.lt/api/Update - 200 0 null 12.0291ms
2026-07-31 22:43:13.581 +03:00 [INF] Received HTTP response headers after 418.0423ms - 401
2026-07-31 22:43:13.585 +03:00 [INF] End processing HTTP request after 423.7275ms - 401
2026-07-31 22:43:13.607 +03:00 [ERR] Ошибка при вызове Chat API
System.Net.Http.HttpRequestException: Response status code does not indicate success: 401 (Unauthorized).
   at System.Net.Http.HttpResponseMessage.EnsureSuccessStatusCode()
   at ChatBot.Repositories.Implementations.HttpChatApiClient.SendMessageAsync(String userMessage, IEnumerable`1 history) in D:\Костя блендер\BackendTruePROJ\BackendTruePROJ\Repositories\Implementations\HttpChatApiClient.cs:line 41
   at ChatBot.Commands.TelegramUpdateProcessor.HandleAsync(TelegramUpdate update) in D:\Костя блендер\BackendTruePROJ\BackendTruePROJ\Commands\TelegramUpdateProcessor.cs:line 73
2026-07-31 22:45:38.009 +03:00 [INF] Now listening on: http://localhost:5000
2026-07-31 22:45:38.056 +03:00 [INF] Application started. Press Ctrl+C to shut down.
2026-07-31 22:45:38.057 +03:00 [INF] Hosting environment: Development
2026-07-31 22:45:38.057 +03:00 [INF] Content root path: D:\Костя блендер\BackendTruePROJ\BackendTruePROJ
2026-07-31 22:45:57.403 +03:00 [INF] Request starting HTTP/1.1 POST http://fair-mails-glow.loca.lt/api/Update - application/json 324
2026-07-31 22:45:57.424 +03:00 [WRN] Failed to determine the https port for redirect.
2026-07-31 22:45:57.426 +03:00 [INF] Executing endpoint 'ChatBot.Controllers.UpdateController.Post (ChatBot)'
2026-07-31 22:45:57.439 +03:00 [INF] Route matched with {action = "Post", controller = "Update"}. Executing controller action with signature System.Threading.Tasks.Task`1[Microsoft.AspNetCore.Mvc.IActionResult] Post(ChatBot.Dtos.TelegramUpdate) on controller ChatBot.Controllers.UpdateController (ChatBot).
2026-07-31 22:45:57.523 +03:00 [INF] Получено сообщение от чата 5144849455:/start
2026-07-31 22:45:57.523 +03:00 [INF] Executing StatusCodeResult, setting HTTP status code 200
2026-07-31 22:45:57.524 +03:00 [INF] Выполняется команда /start
2026-07-31 22:45:57.525 +03:00 [INF] Команда /start выполнена для чата 5144849455
2026-07-31 22:45:57.527 +03:00 [INF] Executed action ChatBot.Controllers.UpdateController.Post (ChatBot) in 85.1062ms
2026-07-31 22:45:57.528 +03:00 [INF] Executed endpoint 'ChatBot.Controllers.UpdateController.Post (ChatBot)'
2026-07-31 22:45:57.530 +03:00 [INF] Request finished HTTP/1.1 POST http://fair-mails-glow.loca.lt/api/Update - 200 0 null 129.548ms
2026-07-31 22:46:03.201 +03:00 [INF] Request starting HTTP/1.1 POST http://fair-mails-glow.loca.lt/api/Update - application/json 323
2026-07-31 22:46:03.213 +03:00 [INF] Executing endpoint 'ChatBot.Controllers.UpdateController.Post (ChatBot)'
2026-07-31 22:46:03.217 +03:00 [INF] Route matched with {action = "Post", controller = "Update"}. Executing controller action with signature System.Threading.Tasks.Task`1[Microsoft.AspNetCore.Mvc.IActionResult] Post(ChatBot.Dtos.TelegramUpdate) on controller ChatBot.Controllers.UpdateController (ChatBot).
2026-07-31 22:46:03.222 +03:00 [INF] Получено сообщение от чата 5144849455:/joke
2026-07-31 22:46:03.226 +03:00 [INF] Executing StatusCodeResult, setting HTTP status code 200
2026-07-31 22:46:03.232 +03:00 [INF] Выполняется команда /joke
2026-07-31 22:46:03.235 +03:00 [INF] Executed action ChatBot.Controllers.UpdateController.Post (ChatBot) in 13.3076ms
2026-07-31 22:46:03.240 +03:00 [INF] Executed endpoint 'ChatBot.Controllers.UpdateController.Post (ChatBot)'
2026-07-31 22:46:03.245 +03:00 [INF] Request finished HTTP/1.1 POST http://fair-mails-glow.loca.lt/api/Update - 200 0 null 44.1105ms
2026-07-31 22:46:09.369 +03:00 [INF] Request starting HTTP/1.1 POST http://fair-mails-glow.loca.lt/api/Update - application/json 296
2026-07-31 22:46:09.382 +03:00 [INF] Executing endpoint 'ChatBot.Controllers.UpdateController.Post (ChatBot)'
2026-07-31 22:46:09.387 +03:00 [INF] Route matched with {action = "Post", controller = "Update"}. Executing controller action with signature System.Threading.Tasks.Task`1[Microsoft.AspNetCore.Mvc.IActionResult] Post(ChatBot.Dtos.TelegramUpdate) on controller ChatBot.Controllers.UpdateController (ChatBot).
2026-07-31 22:46:09.398 +03:00 [INF] Получено сообщение от чата 5144849455:привет
2026-07-31 22:46:09.398 +03:00 [INF] Executing StatusCodeResult, setting HTTP status code 200
2026-07-31 22:46:09.407 +03:00 [INF] Executed action ChatBot.Controllers.UpdateController.Post (ChatBot) in 9.5702ms
2026-07-31 22:46:09.407 +03:00 [INF] Сохранение сообщения от чата 5144849455: user
2026-07-31 22:46:09.415 +03:00 [INF] Executed endpoint 'ChatBot.Controllers.UpdateController.Post (ChatBot)'
2026-07-31 22:46:09.418 +03:00 [INF] Загрузка истории для чата 5144849455
2026-07-31 22:46:09.421 +03:00 [INF] Request finished HTTP/1.1 POST http://fair-mails-glow.loca.lt/api/Update - 200 0 null 51.271ms
2026-07-31 22:46:09.430 +03:00 [INF] Отправка запроса в Chat API
2026-07-31 22:46:09.434 +03:00 [INF] Отправка запроса к модели openrouter/hunter-alpha
2026-07-31 22:46:09.441 +03:00 [INF] Start processing HTTP request POST https://openrouter.ai/api/v1/chat/completions
2026-07-31 22:46:09.451 +03:00 [INF] Sending HTTP request POST https://openrouter.ai/api/v1/chat/completions
2026-07-31 22:46:09.876 +03:00 [INF] Received HTTP response headers after 423.3203ms - 401
2026-07-31 22:46:09.877 +03:00 [INF] End processing HTTP request after 437.7868ms - 401
2026-07-31 22:46:09.907 +03:00 [ERR] Ошибка при вызове Chat API
System.Net.Http.HttpRequestException: Response status code does not indicate success: 401 (Unauthorized).
   at System.Net.Http.HttpResponseMessage.EnsureSuccessStatusCode()
   at ChatBot.Repositories.Implementations.HttpChatApiClient.SendMessageAsync(String userMessage, IEnumerable`1 history) in D:\Костя блендер\BackendTruePROJ\BackendTruePROJ\Repositories\Implementations\HttpChatApiClient.cs:line 41
   at ChatBot.Commands.TelegramUpdateProcessor.HandleAsync(TelegramUpdate update) in D:\Костя блендер\BackendTruePROJ\BackendTruePROJ\Commands\TelegramUpdateProcessor.cs:line 73
2026-07-31 22:48:42.007 +03:00 [INF] Request starting HTTP/1.1 GET http://localhost:5000/swagger/index.html - null null
2026-07-31 22:48:42.059 +03:00 [INF] Request finished HTTP/1.1 GET http://localhost:5000/swagger/index.html - 200 null text/html;charset=utf-8 52.5374ms
2026-07-31 22:48:42.069 +03:00 [INF] Request starting HTTP/1.1 GET http://localhost:5000/swagger/swagger-ui.css - null null
2026-07-31 22:48:42.069 +03:00 [INF] Request starting HTTP/1.1 GET http://localhost:5000/swagger/index.css - null null
2026-07-31 22:48:42.077 +03:00 [INF] Request starting HTTP/1.1 GET http://localhost:5000/swagger/swagger-ui-bundle.js - null null
2026-07-31 22:48:42.080 +03:00 [INF] Request starting HTTP/1.1 GET http://localhost:5000/swagger/swagger-ui-standalone-preset.js - null null
2026-07-31 22:48:42.082 +03:00 [INF] Request starting HTTP/1.1 GET http://localhost:5000/_framework/aspnetcore-browser-refresh.js - null null
2026-07-31 22:48:42.082 +03:00 [INF] Request starting HTTP/1.1 GET http://localhost:5000/swagger/index.js - null null
2026-07-31 22:48:42.086 +03:00 [INF] Request finished HTTP/1.1 GET http://localhost:5000/_framework/aspnetcore-browser-refresh.js - 200 14919 application/javascript; charset=utf-8 6.4296ms
2026-07-31 22:48:42.090 +03:00 [INF] Request finished HTTP/1.1 GET http://localhost:5000/swagger/index.css - 200 152 text/css 21.7436ms
2026-07-31 22:48:42.090 +03:00 [INF] Request finished HTTP/1.1 GET http://localhost:5000/swagger/swagger-ui.css - 200 26499 text/css 21.7183ms
2026-07-31 22:48:42.090 +03:00 [INF] Request finished HTTP/1.1 GET http://localhost:5000/swagger/index.js - 200 null application/javascript;charset=utf-8 10.4543ms
2026-07-31 22:48:42.100 +03:00 [INF] Request finished HTTP/1.1 GET http://localhost:5000/swagger/swagger-ui-bundle.js - 200 421507 text/javascript 29.3175ms
2026-07-31 22:48:42.100 +03:00 [INF] Request finished HTTP/1.1 GET http://localhost:5000/swagger/swagger-ui-standalone-preset.js - 200 77731 text/javascript 22.9144ms
2026-07-31 22:48:42.105 +03:00 [INF] Request starting HTTP/1.1 GET http://localhost:5000/_vs/browserLink - null null
2026-07-31 22:48:42.132 +03:00 [INF] Request finished HTTP/1.1 GET http://localhost:5000/_vs/browserLink - 200 null text/javascript; charset=UTF-8 26.9808ms
2026-07-31 22:48:42.200 +03:00 [INF] Request starting HTTP/1.1 GET http://localhost:5000/swagger/v1/swagger.json - null null
2026-07-31 22:48:42.208 +03:00 [INF] Request starting HTTP/1.1 GET http://localhost:5000/swagger/favicon-32x32.png - null null
2026-07-31 22:48:42.210 +03:00 [INF] Request finished HTTP/1.1 GET http://localhost:5000/swagger/favicon-32x32.png - 200 628 image/png 1.9271ms
2026-07-31 22:48:42.219 +03:00 [INF] Request finished HTTP/1.1 GET http://localhost:5000/swagger/v1/swagger.json - 200 null application/json;charset=utf-8 18.6388ms
2026-07-31 22:52:11.972 +03:00 [INF] Now listening on: http://localhost:5000
2026-07-31 22:52:12.017 +03:00 [INF] Application started. Press Ctrl+C to shut down.
2026-07-31 22:52:12.018 +03:00 [INF] Hosting environment: Development
2026-07-31 22:52:12.018 +03:00 [INF] Content root path: D:\Костя блендер\BackendTruePROJ\BackendTruePROJ
2026-07-31 22:52:23.948 +03:00 [INF] Request starting HTTP/1.1 POST http://small-pans-strive.loca.lt/api/Update - application/json 324
2026-07-31 22:52:23.968 +03:00 [WRN] Failed to determine the https port for redirect.
2026-07-31 22:52:23.970 +03:00 [INF] Executing endpoint 'ChatBot.Controllers.UpdateController.Post (ChatBot)'
2026-07-31 22:52:23.981 +03:00 [INF] Route matched with {action = "Post", controller = "Update"}. Executing controller action with signature System.Threading.Tasks.Task`1[Microsoft.AspNetCore.Mvc.IActionResult] Post(ChatBot.Dtos.TelegramUpdate) on controller ChatBot.Controllers.UpdateController (ChatBot).
2026-07-31 22:52:24.071 +03:00 [INF] Получено сообщение от чата 5144849455:/start
2026-07-31 22:52:24.072 +03:00 [INF] Executing StatusCodeResult, setting HTTP status code 200
2026-07-31 22:52:24.073 +03:00 [INF] Выполняется команда /start
2026-07-31 22:52:24.073 +03:00 [INF] Команда /start выполнена для чата 5144849455
2026-07-31 22:52:24.075 +03:00 [INF] Executed action ChatBot.Controllers.UpdateController.Post (ChatBot) in 90.7566ms
2026-07-31 22:52:24.076 +03:00 [INF] Executed endpoint 'ChatBot.Controllers.UpdateController.Post (ChatBot)'
2026-07-31 22:52:24.077 +03:00 [INF] Request finished HTTP/1.1 POST http://small-pans-strive.loca.lt/api/Update - 200 0 null 133.0285ms
2026-07-31 22:52:26.052 +03:00 [INF] Request starting HTTP/1.1 POST http://small-pans-strive.loca.lt/api/Update - application/json 323
2026-07-31 22:52:26.054 +03:00 [INF] Executing endpoint 'ChatBot.Controllers.UpdateController.Post (ChatBot)'
2026-07-31 22:52:26.054 +03:00 [INF] Route matched with {action = "Post", controller = "Update"}. Executing controller action with signature System.Threading.Tasks.Task`1[Microsoft.AspNetCore.Mvc.IActionResult] Post(ChatBot.Dtos.TelegramUpdate) on controller ChatBot.Controllers.UpdateController (ChatBot).
2026-07-31 22:52:26.056 +03:00 [INF] Получено сообщение от чата 5144849455:/joke
2026-07-31 22:52:26.056 +03:00 [INF] Executing StatusCodeResult, setting HTTP status code 200
2026-07-31 22:52:26.057 +03:00 [INF] Выполняется команда /joke
2026-07-31 22:52:26.057 +03:00 [INF] Executed action ChatBot.Controllers.UpdateController.Post (ChatBot) in 1.9634ms
2026-07-31 22:52:26.057 +03:00 [INF] Executed endpoint 'ChatBot.Controllers.UpdateController.Post (ChatBot)'
2026-07-31 22:52:26.059 +03:00 [INF] Request finished HTTP/1.1 POST http://small-pans-strive.loca.lt/api/Update - 200 0 null 7.8816ms
2026-07-31 22:52:30.647 +03:00 [INF] Request starting HTTP/1.1 POST http://small-pans-strive.loca.lt/api/Update - application/json 296
2026-07-31 22:52:30.656 +03:00 [INF] Executing endpoint 'ChatBot.Controllers.UpdateController.Post (ChatBot)'
2026-07-31 22:52:30.660 +03:00 [INF] Route matched with {action = "Post", controller = "Update"}. Executing controller action with signature System.Threading.Tasks.Task`1[Microsoft.AspNetCore.Mvc.IActionResult] Post(ChatBot.Dtos.TelegramUpdate) on controller ChatBot.Controllers.UpdateController (ChatBot).
2026-07-31 22:52:30.668 +03:00 [INF] Executing StatusCodeResult, setting HTTP status code 200
2026-07-31 22:52:30.673 +03:00 [INF] Получено сообщение от чата 5144849455:привет
2026-07-31 22:52:30.679 +03:00 [INF] Executed action ChatBot.Controllers.UpdateController.Post (ChatBot) in 4.9103ms
2026-07-31 22:52:30.682 +03:00 [INF] Executed endpoint 'ChatBot.Controllers.UpdateController.Post (ChatBot)'
2026-07-31 22:52:30.682 +03:00 [INF] Сохранение сообщения от чата 5144849455: user
2026-07-31 22:52:30.691 +03:00 [INF] Request finished HTTP/1.1 POST http://small-pans-strive.loca.lt/api/Update - 200 0 null 44.462ms
2026-07-31 22:52:30.700 +03:00 [INF] Загрузка истории для чата 5144849455
2026-07-31 22:52:30.706 +03:00 [INF] Отправка запроса в Chat API
2026-07-31 22:52:30.715 +03:00 [INF] Отправка запроса к модели openrouter/hunter-alpha
2026-07-31 22:52:30.723 +03:00 [INF] Start processing HTTP request POST https://openrouter.ai/api/v1/chat/completions
2026-07-31 22:52:30.728 +03:00 [INF] Sending HTTP request POST https://openrouter.ai/api/v1/chat/completions
2026-07-31 22:52:31.166 +03:00 [INF] Received HTTP response headers after 432.2902ms - 401
2026-07-31 22:52:31.168 +03:00 [INF] End processing HTTP request after 445.7171ms - 401
2026-07-31 22:52:31.197 +03:00 [ERR] Ошибка при вызове Chat API
System.Net.Http.HttpRequestException: Response status code does not indicate success: 401 (Unauthorized).
   at System.Net.Http.HttpResponseMessage.EnsureSuccessStatusCode()
   at ChatBot.Repositories.Implementations.HttpChatApiClient.SendMessageAsync(String userMessage, IEnumerable`1 history) in D:\Костя блендер\BackendTruePROJ\BackendTruePROJ\Repositories\Implementations\HttpChatApiClient.cs:line 41
   at ChatBot.Commands.TelegramUpdateProcessor.HandleAsync(TelegramUpdate update) in D:\Костя блендер\BackendTruePROJ\BackendTruePROJ\Commands\TelegramUpdateProcessor.cs:line 73
2026-07-31 23:00:45.084 +03:00 [INF] Now listening on: http://localhost:5000
2026-07-31 23:00:45.127 +03:00 [INF] Application started. Press Ctrl+C to shut down.
2026-07-31 23:00:45.127 +03:00 [INF] Hosting environment: Development
2026-07-31 23:00:45.128 +03:00 [INF] Content root path: D:\Костя блендер\BackendTruePROJ\BackendTruePROJ
2026-07-31 23:00:48.051 +03:00 [INF] Request starting HTTP/1.1 POST http://proud-points-fail.loca.lt/api/Update - application/json 324
2026-07-31 23:00:48.072 +03:00 [WRN] Failed to determine the https port for redirect.
2026-07-31 23:00:48.074 +03:00 [INF] Executing endpoint 'ChatBot.Controllers.UpdateController.Post (ChatBot)'
2026-07-31 23:00:48.086 +03:00 [INF] Route matched with {action = "Post", controller = "Update"}. Executing controller action with signature System.Threading.Tasks.Task`1[Microsoft.AspNetCore.Mvc.IActionResult] Post(ChatBot.Dtos.TelegramUpdate) on controller ChatBot.Controllers.UpdateController (ChatBot).
2026-07-31 23:00:48.175 +03:00 [INF] Получено сообщение от чата 5144849455:/start
2026-07-31 23:00:48.175 +03:00 [INF] Executing StatusCodeResult, setting HTTP status code 200
2026-07-31 23:00:48.177 +03:00 [INF] Выполняется команда /start
2026-07-31 23:00:48.177 +03:00 [INF] Команда /start выполнена для чата 5144849455
2026-07-31 23:00:48.179 +03:00 [INF] Executed action ChatBot.Controllers.UpdateController.Post (ChatBot) in 90.6241ms
2026-07-31 23:00:48.180 +03:00 [INF] Executed endpoint 'ChatBot.Controllers.UpdateController.Post (ChatBot)'
2026-07-31 23:00:48.182 +03:00 [INF] Request finished HTTP/1.1 POST http://proud-points-fail.loca.lt/api/Update - 200 0 null 133.6638ms
2026-07-31 23:00:51.063 +03:00 [INF] Request starting HTTP/1.1 POST http://proud-points-fail.loca.lt/api/Update - application/json 323
2026-07-31 23:00:51.065 +03:00 [INF] Executing endpoint 'ChatBot.Controllers.UpdateController.Post (ChatBot)'
2026-07-31 23:00:51.066 +03:00 [INF] Route matched with {action = "Post", controller = "Update"}. Executing controller action with signature System.Threading.Tasks.Task`1[Microsoft.AspNetCore.Mvc.IActionResult] Post(ChatBot.Dtos.TelegramUpdate) on controller ChatBot.Controllers.UpdateController (ChatBot).
2026-07-31 23:00:51.067 +03:00 [INF] Получено сообщение от чата 5144849455:/joke
2026-07-31 23:00:51.068 +03:00 [INF] Executing StatusCodeResult, setting HTTP status code 200
2026-07-31 23:00:51.068 +03:00 [INF] Выполняется команда /joke
2026-07-31 23:00:51.068 +03:00 [INF] Executed action ChatBot.Controllers.UpdateController.Post (ChatBot) in 1.934ms
2026-07-31 23:00:51.069 +03:00 [INF] Executed endpoint 'ChatBot.Controllers.UpdateController.Post (ChatBot)'
2026-07-31 23:00:51.069 +03:00 [INF] Request finished HTTP/1.1 POST http://proud-points-fail.loca.lt/api/Update - 200 0 null 6.9882ms
2026-07-31 23:00:58.074 +03:00 [INF] Request starting HTTP/1.1 POST http://proud-points-fail.loca.lt/api/Update - application/json 296
2026-07-31 23:00:58.081 +03:00 [INF] Executing endpoint 'ChatBot.Controllers.UpdateController.Post (ChatBot)'
2026-07-31 23:00:58.081 +03:00 [INF] Route matched with {action = "Post", controller = "Update"}. Executing controller action with signature System.Threading.Tasks.Task`1[Microsoft.AspNetCore.Mvc.IActionResult] Post(ChatBot.Dtos.TelegramUpdate) on controller ChatBot.Controllers.UpdateController (ChatBot).
2026-07-31 23:00:58.082 +03:00 [INF] Получено сообщение от чата 5144849455:привет
2026-07-31 23:00:58.083 +03:00 [INF] Executing StatusCodeResult, setting HTTP status code 200
2026-07-31 23:00:58.084 +03:00 [INF] Executed action ChatBot.Controllers.UpdateController.Post (ChatBot) in 1.7868ms
2026-07-31 23:00:58.084 +03:00 [INF] Executed endpoint 'ChatBot.Controllers.UpdateController.Post (ChatBot)'
2026-07-31 23:00:58.084 +03:00 [INF] Сохранение сообщения от чата 5144849455: user
2026-07-31 23:00:58.086 +03:00 [INF] Request finished HTTP/1.1 POST http://proud-points-fail.loca.lt/api/Update - 200 0 null 12.1911ms
2026-07-31 23:00:58.087 +03:00 [INF] Загрузка истории для чата 5144849455
2026-07-31 23:00:58.088 +03:00 [INF] Отправка запроса в Chat API
2026-07-31 23:00:58.090 +03:00 [INF] Отправка запроса к модели openrouter/hunter-alpha
2026-07-31 23:00:58.094 +03:00 [INF] Start processing HTTP request POST https://openrouter.ai/api/v1/chat/completions
2026-07-31 23:00:58.095 +03:00 [INF] Sending HTTP request POST https://openrouter.ai/api/v1/chat/completions
2026-07-31 23:00:58.551 +03:00 [INF] Received HTTP response headers after 454.233ms - 401
2026-07-31 23:00:58.553 +03:00 [INF] End processing HTTP request after 459.0219ms - 401
2026-07-31 23:00:58.583 +03:00 [ERR] Ошибка при вызове Chat API
System.Net.Http.HttpRequestException: Response status code does not indicate success: 401 (Unauthorized).
   at System.Net.Http.HttpResponseMessage.EnsureSuccessStatusCode()
   at ChatBot.Repositories.Implementations.HttpChatApiClient.SendMessageAsync(String userMessage, IEnumerable`1 history) in D:\Костя блендер\BackendTruePROJ\BackendTruePROJ\Repositories\Implementations\HttpChatApiClient.cs:line 41
   at ChatBot.Commands.TelegramUpdateProcessor.HandleAsync(TelegramUpdate update) in D:\Костя блендер\BackendTruePROJ\BackendTruePROJ\Commands\TelegramUpdateProcessor.cs:line 74
